-- phpMyAdmin SQL Dump
-- version 5.2.1
-- https://www.phpmyadmin.net/
--
-- Host: 127.0.0.1
-- Waktu pembuatan: 07 Feb 2024 pada 10.33
-- Versi server: 10.4.28-MariaDB
-- Versi PHP: 8.2.4

SET SQL_MODE = "NO_AUTO_VALUE_ON_ZERO";
START TRANSACTION;
SET time_zone = "+00:00";


INSERT INTO `users` (`id`, `id_role`, `nama`, `username`, `password`, `foto`, `created_at`, `updated_at`) VALUES
('004035ef-cab7-47c7-97b8-71232b3803eb', 5, 'Karsa Nababan', 'karsa_nababan', '$2y$10$MvEvBYUrXkexfCt05Xq9qO1rKUbzPD5/VUQbSRl0La82NL.0.uBk.', 'avatar.png', NULL, NULL),
('033c8347-1e81-4d72-814b-34589641b06d', 5, 'Eluh Unggul Simanjuntak', 'eluh_unggul_simanjuntak', '$2y$10$XqDTZIQg2KnW0KxKR7N/supYyXLW7MD7TjvfGZKTZlQIr9KP9IDkO', 'avatar.png', NULL, NULL),
('038bca56-186c-4607-aa6d-27f167a0060d', 5, 'Victoria Wahyuni', 'victoria_wahyuni', '$2y$10$b/.IJBMmiviKtfibdPrr8eePv0/xizxWWOZDlMkhVS.Mr0QBUMx3W', 'avatar.png', NULL, NULL),
('062c3adc-a977-414f-844f-292d4b9799b7', 5, 'Puti Haryanti', 'puti_haryanti', '$2y$10$hSLzCXVmTuLFxQ6WjA4BL.v0oxkA.jDZHXl3nupdOh5gAVgG9ZVgO', 'avatar.png', NULL, NULL),
('08e3a9c2-7f46-42f6-b3bc-0185c811ee7a', 5, 'Muhammad Sihotang S.Pd', 'muhammad_sihotang_s.pd', '$2y$10$Nr0.uFp.TyTqWvsU.GqY7O4Ij23uiY3c5m1GtFSUYXHHZDMcAGADi', 'avatar.png', NULL, NULL),
('09195701-84b3-4bc3-a177-43879ad445c0', 5, 'Tirta Pradipta', 'tirta_pradipta', '$2y$10$5t3NRwiOjdl6ZxgemayIHenuaOI7zuJMa3Ku/qWg9qIGy99uWliVG', 'avatar.png', NULL, NULL),
('0bc19c2f-61c1-4dcf-aa17-99133b63a0f3', 5, 'Silvia Jessica Handayani S.E.', 'silvia_jessica_handayani_s.e.', '$2y$10$BgN0SnkO76LrFS1mVEiOG.QVzLG1eZFWvgUIziGqPrwiLN1VzAWIW', 'avatar.png', NULL, NULL),
('0bd1110e-b440-46e6-847a-379aa1044698', 5, 'Tami Malika Hariyah', 'tami_malika_hariyah', '$2y$10$vbQ80HdN9pEUe6QceJ6SJO.Or1YL3qKYZL87.46uG74V2toY54sMi', 'avatar.png', NULL, NULL),
('0ecfd577-76c1-4ce6-8c8f-dcd9ed441339', 5, 'Wira Pangestu Prasasta', 'wira_pangestu_prasasta', '$2y$10$S97g0E4ldp6BCLBak.eDjObnDAkTFeQIDdI1vwrkss1v3geyT219S', 'avatar.png', NULL, NULL),
('0f203ffb-63e3-4f9e-b803-415853d2dada', 5, 'Eman Widodo S.Psi', 'eman_widodo_s.psi', '$2y$10$KX1PnlMdOImbUcF7x2L.2evfIeLDkvQhd/T0uLYLqpqwkAB5gq10y', 'avatar.png', NULL, NULL),
('10e383b3-6c79-45e0-9636-c40289f6f48c', 5, 'Diana Kasiyah Yulianti', 'diana_kasiyah_yulianti', '$2y$10$/yHuzWE1n5.WFgj3aGlgfeCQd/AkJatIj2i8.Btw5i./mN6MV1g4y', 'avatar.png', NULL, NULL),
('12ab5f3f-f114-410e-bb04-6b08a99525e7', 5, 'Qori Kuswandari', 'qori_kuswandari', '$2y$10$9jL4GQ.3gblqMJwWpC9jgOO7WPdTmL5e1ahI6W3r5cVt7NWY4qvu.', 'avatar.png', NULL, NULL),
('12ac1011-3a28-4088-aa38-77d6dfd66447', 5, 'Ozy Ramadan', 'ozy_ramadan', '$2y$10$hmOLxnZaCATX59lkGcmbAui23R8yYBIaevNKHBL1lZP44uFICHs/6', 'avatar.png', NULL, NULL),
('138339ac-91fe-4d1c-8c1f-b16481c4e8d4', 5, 'Bagya Tampubolon', 'bagya_tampubolon', '$2y$10$q.fui87czR6rKC.Ht1LzrOn4ZIBOQBhPC1xKx0/l2DlnjIjHFlfZi', 'avatar.png', NULL, NULL),
('19e13a37-2880-42dc-b813-154f11fd815d', 5, 'Titi Purnawati', 'titi_purnawati', '$2y$10$hd1c15xgS9VKfe5J3c5Ga.HsdsBK8dhZ/TvacVEmpKBWTMuOqqJZK', 'avatar.png', NULL, NULL),
('1aa54524-7a87-48da-a85b-4f1a8570a175', 5, 'Mursinin Maheswara', 'mursinin_maheswara', '$2y$10$wX8QHd5oowtINoobHsmV2.IZIgRFi9yJG7CWq3yX6G7qB4Q/n2LRy', 'avatar.png', NULL, NULL),
('1f13d8b2-898a-4eb5-9e12-21baaddcef1d', 5, 'Vino Damar Maheswara M.TI.', 'vino_damar_maheswara_m.ti.', '$2y$10$MFi7AM6rEs95iLrR3UCQfemnb26EKZpxTo3ybnnifalRQg3A0Et3i', 'avatar.png', NULL, NULL),
('2470c131-e1c9-44a9-af74-13b7bcb3eea3', 5, 'Daru Pangestu', 'daru_pangestu', '$2y$10$QLA4YQCrfbVO3mIPsiKQZuPk6.xT1yhzwP5kQ7SFqq.4mrDyW8Txe', 'avatar.png', NULL, NULL),
('260a714a-5dd7-40c3-b3e0-8ac1a42b8a29', 5, 'Prabawa Prasasta', 'prabawa_prasasta', '$2y$10$K42vu0/KR1KUhvSps3hTk.27mCfHRVZpcTMhfS778CXkch.cL7Gim', 'avatar.png', NULL, NULL),
('26ddac51-1058-43de-a7c5-b3bd4d8c40f8', 5, 'Zulaikha Tari Novitasari M.M.', 'zulaikha_tari_novitasari_m.m.', '$2y$10$k0oy8SCsbCcO5aQt44X0eui5Scpzxy/11HUTW9vmw8L5Zl4V5mWdG', 'avatar.png', NULL, NULL),
('2c54c5b9-1944-49b9-bc98-2828895d42b4', 5, 'Kenari Luluh Mansur', 'kenari_luluh_mansur', '$2y$10$Tb1CjSHqiy6GtG.QTQg7IOT06YvpryYevuK6OjY7dbHlUyYPa07Ci', 'avatar.png', NULL, NULL),
('2fc95fab-932d-48cc-8308-a51011fb7e56', 5, 'Aisyah Laksmiwati S.Farm', 'aisyah_laksmiwati_s.farm', '$2y$10$wBTiQU6p0r.6Cgzr4bP6veHcs.VwaGur8VR1YjUbzITtE6MeI4Bca', 'avatar.png', NULL, NULL),
('3110f985-8997-4976-982f-f8057e2f0c19', 5, 'Gambira Megantara S.Farm', 'gambira_megantara_s.farm', '$2y$10$4L8Ep7lYup4oQndERoQ7UuYOGFU4N2mvAeF9uEDkLnC9.RAjlDuvq', 'avatar.png', NULL, NULL),
('318edd9d-bb61-4f66-9ff2-4bb29e2d59a2', 5, 'Ibrahim Cemeti Permadi S.H.', 'ibrahim_cemeti_permadi_s.h.', '$2y$10$IMLC2ZHRf800BmHhbx8JPe7rZgjaO35xhCIyMH4u3K6njdDrqUKKi', 'avatar.png', NULL, NULL),
('32292c2b-cb9d-436f-8ecc-a4b70087083d', 5, 'Maida Lili Hastuti', 'maida_lili_hastuti', '$2y$10$eB0u00byphxceFIH0Gbbbe3n6GygNf4DUzcbhNR3uQAsEWknuWd7S', 'avatar.png', NULL, NULL),
('33cd049f-6304-4009-b96c-68f082c2f2b9', 5, 'Jamalia Novitasari S.Farm', 'jamalia_novitasari_s.farm', '$2y$10$p7QmPumuJ3duCO3eXAXbJuQZD9UxQmDp4vbH0Ynk7n7xZCrxEBfeq', 'avatar.png', NULL, NULL),
('35957c93-d1dc-4c79-a185-931e328ac56d', 5, 'Gada Ardianto', 'gada_ardianto', '$2y$10$OVCBJ57k4.rW35CDdHfrvOwb89V8tbJMy6T3qLKZsg/K/pVDA0sTy', 'avatar.png', NULL, NULL),
('37d4845d-1286-4d95-abac-f70e16055ada', 5, 'Garan Harjo Pranowo S.Kom', 'garan_harjo_pranowo_s.kom', '$2y$10$rlsfxVfo3aMmNTSsLhcm5Om1POWN5cQQ4jTgwUOCNCoJZVHGzfmv6', 'avatar.png', NULL, NULL),
('37ee5d43-a2bc-4218-94c0-2b0ba383b561', 5, 'Ophelia Pudjiastuti S.Farm', 'ophelia_pudjiastuti_s.farm', '$2y$10$KShYL7Jz.vy4PEsdwwH1UuFsEuGPC1hjXCW3BT..82Q33U./HE/cS', 'avatar.png', NULL, NULL),
('3c6913e1-ab20-4d79-8380-ddfc6a9b51db', 5, 'Kusuma Prakasa S.Pd', 'kusuma_prakasa_s.pd', '$2y$10$WMnAhWMGoXdF4q4Ung4uS.ePaH05J7DwL5oX2tU1.uThvE1EElWGa', 'avatar.png', NULL, NULL),
('40c19567-3bdd-4d9c-bbb5-7b66d3d56ac0', 5, 'Gaman Mahendra', 'gaman_mahendra', '$2y$10$jJPdlT50/daFe29TSkXY/egOzZQNxW1qjOz2gUDhTMH6sPyBcLHzC', 'avatar.png', NULL, NULL),
('43a9f15c-dc45-4176-ae8f-a73c97b3c8dd', 5, 'Ratih Puspasari', 'ratih_puspasari', '$2y$10$nsdi6dQXuWathiPi6JaBW.CNXMaDsZ2wX1UQPU646WjryX1Ihp/t.', 'avatar.png', NULL, NULL),
('46dd5061-7797-447d-bcf0-6a9d86343e3e', 5, 'Pia Puspita', 'pia_puspita', '$2y$10$5Ezg6RUklcymhgK2IN.Cae3l6506OFUXq5O//BQ45cGnZmpAR3.ne', 'avatar.png', NULL, NULL),
('4708abdd-a458-4705-bc21-b45fe67d2604', 5, 'Natalia Nasyidah S.E.I', 'natalia_nasyidah_s.e.i', '$2y$10$SEQS07Ozytf6d4arR4qtMunGPcKDP690rAB.0iZyPLHXSSwKCZD22', 'avatar.png', NULL, NULL),
('49d34121-eb4b-45b0-a75d-05740aa6eabc', 5, 'Dalimin Emong Ardianto', 'dalimin_emong_ardianto', '$2y$10$.N1I2ptN.j/qtcU0BnN30uhob4PjTxKrvJDUOrwyKC0iQEG7FSu.O', 'avatar.png', NULL, NULL),
('4a9788f6-5a5e-4b9e-a3cc-c63a5a2d0b12', 5, 'Dinda Zulaika', 'dinda_zulaika', '$2y$10$0I1uBbqER2zThoZIgmVreuL/hUeFGQCHuULkH1o34FoYROa2LJL6u', 'avatar.png', NULL, NULL),
('4c6edd1c-b465-4bef-ad52-9254bd29963e', 5, 'Purwanto Narpati', 'purwanto_narpati', '$2y$10$fOLLO2jboeoXr.GUB0ZXi.HejshIbQZFhvcTIbIfQ0E1yIl7j.H2u', 'avatar.png', NULL, NULL),
('5299b556-92ba-48f3-bd1e-f1ca32995d09', 5, 'Genta Riyanti', 'genta_riyanti', '$2y$10$qy4t9WUoBitXQOCNqkP7s.wSTN0z1JdjnwtMgyQo37uma2tdCBCku', 'avatar.png', NULL, NULL),
('5a099c5f-992c-409c-b664-61797a73e57d', 5, 'Sakura Unjani Hassanah M.M.', 'sakura_unjani_hassanah_m.m.', '$2y$10$Ma6/1l67E6PaO8l1ORVf2u0/9Bay393.17m0OebjrZXIsnJMWHutK', 'avatar.png', NULL, NULL),
('636a01fc-d188-436c-adbd-e54115536215', 5, 'Mila Zulaikha Usada S.Kom', 'mila_zulaikha_usada_s.kom', '$2y$10$nW9n5lxBjNBFQbG2G7U0XuCnDBpn6xhT5fYQTPJN0FTbdwhJ/ExZC', 'avatar.png', NULL, NULL),
('652faa16-4085-4940-9ff0-255ab3e41255', 5, 'Ira Dina Purnawati S.IP', 'ira_dina_purnawati_s.ip', '$2y$10$jKWwSuWh3wvahd45qOdL4OzrBxG3gCwUSPTuE3mwaXJw0vJGi5ehK', 'avatar.png', NULL, NULL),
('66f43b30-fed1-435e-963a-a042ffab2644', 5, 'Wirda Karen Wijayanti', 'wirda_karen_wijayanti', '$2y$10$K6oVVPJ19P0WidlLQKytluCsTqDTkgLiGbBGojME8GyHpixdgvVC2', 'avatar.png', NULL, NULL),
('691dd233-5732-4793-8370-d483d79c7c1e', 5, 'Asman Gamanto Mahendra S.Pd', 'asman_gamanto_mahendra_s.pd', '$2y$10$U7fsEEAx.F1VIPgG4gXee.wE.Bi8yxENYEt8eCN2.211KjJSH9u2K', 'avatar.png', NULL, NULL),
('6daa6c88-4248-4e79-bd68-cf35fcf6bde8', 5, 'Kanda Eja Marpaung', 'kanda_eja_marpaung', '$2y$10$geu/qeM85QgzwLVE5edcmOmt.SXCdqb8sEywvk08bcA8yf3MB4YPG', 'avatar.png', NULL, NULL),
('74381723-46fd-40c4-9660-42cc8b6eec31', 5, 'Natalia Kuswandari', 'natalia_kuswandari', '$2y$10$9djwXC3W0xhQed3TwJJtTexK6eHppMTFYlVcVgBp84ZgmjwSOL.Pi', 'avatar.png', NULL, NULL),
('780e26ba-ddc0-41d7-8885-47269ef7adfb', 5, 'Julia Nurdiyanti', 'julia_nurdiyanti', '$2y$10$0pBc2o98fYCRCeFExAdtwOEqQ4ucgUPlWL4.78vM4mr48jZG7rvyS', 'avatar.png', NULL, NULL),
('7c8ab791-446b-4a18-bdab-a2ef3caaea4a', 5, 'Cahyadi Zulkarnain', 'cahyadi_zulkarnain', '$2y$10$DFG2/Li2QsMldYsfjNR2xe1cKPRArtKY/q9gChLZhNkPjnj4BS4QS', 'avatar.png', NULL, NULL),
('7cd045b5-a0fa-47c1-98de-ffd63a9fd7ec', 5, 'Iriana Padmasari', 'iriana_padmasari', '$2y$10$RlbWLcPMQlJAplLyh9W/kOFZZOgU/xa9m/kc/ahw8j6qF4EDaiViy', 'avatar.png', NULL, NULL),
('7ed14dcf-61c9-435e-90ec-fb0ca6ef02d7', 5, 'Gaiman Mangunsong', 'gaiman_mangunsong', '$2y$10$ArqCkYOi3L5SBFh/TfepqenhpomUtIkNRiJ.8.iN1UQatnP71rB1a', 'avatar.png', NULL, NULL),
('83ea2b3b-547e-45f0-a1a9-a993415f3115', 5, 'Daryani Samosir', 'daryani_samosir', '$2y$10$YWKDa1ryhUIAKLMLTKV.L.kG5Ew2RlH3pB3o.ZjDRNeIg2Fq/gbfy', 'avatar.png', NULL, NULL),
('8521664a-51f7-4bd9-a9be-4e58fc8a807b', 5, 'Nurul Safitri', 'nurul_safitri', '$2y$10$NbuYQITGXlqoHWVsXU3z1O4hLIDCdJkdpfUNKrs6NSGR/5rvBVa3m', 'avatar.png', NULL, NULL),
('864182da-d7d4-4070-bb99-055b67f7b5ea', 5, 'Manah Hidayat', 'manah_hidayat', '$2y$10$SzE3utwD/ITtVEWphRBYEOSAfXLSjiyhNvYpcLckaY/40XRW5zhMG', 'avatar.png', NULL, NULL),
('8aa89bbf-2f73-4900-be17-8604dcd9a970', 5, 'Anastasia Nasyidah', 'anastasia_nasyidah', '$2y$10$SeY93Dm2keW4Lp/2cQVDpepdYCn21HEBPhnHntdlCHXmbheRB4UGS', 'avatar.png', NULL, NULL),
('8f9e5bd4-c0a0-4d4f-8dda-be9ab6bc66f4', 5, 'Tami Suartini', 'tami_suartini', '$2y$10$57haajb1WD/ymO0gzRC1rONmaNCOukKyXBjRigRdZzC9yIUzQiUtC', 'avatar.png', NULL, NULL),
('926d5311-f341-46e2-b04d-9016d359c8e2', 5, 'Asirwanda Pangestu', 'asirwanda_pangestu', '$2y$10$ikrcFO9n4sAVxj0FRUdTDOdpyXbnBG.NeTGDLLyKpUqM8qZSek2ba', 'avatar.png', NULL, NULL),
('9627b9e8-d826-40de-9381-f9431c58cce0', 5, 'Kenari Putra', 'kenari_putra', '$2y$10$DZhD5rY/m5rJ31LSj7X3p.gt1boPlEitAPA/4O4SGQl0R1.E.7km6', 'avatar.png', NULL, NULL),
('9b8e4986-749f-4da7-973a-6dc9c58d5aa5', 5, 'Reyhan', 'reyhan123', '$2y$10$kqJVrZbu7YFe2Y9RYsx2RuNQh0M.GNhqLvXEVT7LHyrAmOlGa6hRC', 'avatar.png', '2024-03-13 11:23:32', '2024-03-13 11:23:32'),
('9b8e4aec-91b6-4329-a34e-7b1e255def74', 5, 'Muhammad Iqbal', 'iqbal123', '$2y$10$y8W8fwNdlc8UAy8X4f8tg.LT9zKKc5LZucHf65fZ1OQ.1GLKimsLi', 'avatar.png', '2024-03-13 11:27:26', '2024-03-13 11:27:26'),
('9c5ae469-63b6-4698-94c2-be17de3f330a', 5, 'Harto Nainggolan S.IP', 'harto_nainggolan_s.ip', '$2y$10$cPlt8ziSWBxx748kMmaQHuUF41iv62qa/VAVTecKSYkEhTQZhaXeu', 'avatar.png', NULL, NULL),
('9f77ef8e-cb0e-45e1-af96-294ce66eea89', 5, 'Gandi Budiyanto M.Farm', 'gandi_budiyanto_m.farm', '$2y$10$.326fD4TdbkH1CLefs/OUeLzijCxWdLVdyloXaxZY3DE1W4rUCR5.', 'avatar.png', NULL, NULL),
('a2c39394-59b1-4bff-a826-38f8856af1da', 5, 'Yani Yuniar', 'yani_yuniar', '$2y$10$BOLdO34jPniRsnVfWedbzeUdkvfA/bInPQjiVfbfnenVw1NsAVd.C', 'avatar.png', NULL, NULL),
('a38a11d4-cb38-4dbd-8389-16126c9aede4', 5, 'Hesti Susanti', 'hesti_susanti', '$2y$10$1nMEXIKlhH4QFGcUfv3IDOdiIjd2QYu7eYuzlC5SHCowdHD8B9ckC', 'avatar.png', NULL, NULL),
('a65a3d86-b527-47ff-bf3f-add4ee5ba79a', 5, 'Yuni Yulia Winarsih', 'yuni_yulia_winarsih', '$2y$10$vmyzKLVZKxkxPjmXVXlsJe7WsAp2Sg8SwNkwjwod8U8BspZT6kBvO', 'avatar.png', NULL, NULL),
('a8b6d0b3-1e59-48d4-b2ce-26c5693fc71d', 5, 'Balangga Sitorus M.M.', 'balangga_sitorus_m.m.', '$2y$10$YlaTd0mpcvsuC6l1.Lx4keBYVvO5qJiAicWVjY2ftXVfUv06c86K2', 'avatar.png', NULL, NULL),
('ab589289-0124-4b0b-8251-9cccefdbf42e', 5, 'Ana Oktaviani', 'ana_oktaviani', '$2y$10$ACCWeVe.AVeG5QxEedJ5TuAo4xRE8fpJoNwmrCPZPrei30BC8dE72', 'avatar.png', NULL, NULL),
('ad30abd1-1e52-4d61-a952-572b2ad4a6fd', 5, 'Yessi Nova Purnawati S.Kom', 'yessi_nova_purnawati_s.kom', '$2y$10$ZrGALmVv.WKuhz47FO95f.ZySDbR1ikxNwh0EhXFv53osOrKJryve', 'avatar.png', NULL, NULL),
('b0afe573-5647-4450-bf67-3c42904d9719', 5, 'Niyaga Sinaga S.Pd', 'niyaga_sinaga_s.pd', '$2y$10$MC6gRlJKQ1A4DbIVJIpvTOQXxN21fVQF7IxMDaXa2ZVgZ9n9ctKdO', 'avatar.png', NULL, NULL),
('b41b6c77-c2c4-4541-8632-202f3db75fc1', 5, 'Purwanto Prasasta', 'purwanto_prasasta', '$2y$10$vjaff/.Y4BNWA2ynY0CIpe5p3mVbbh7j8ZN/v4BXUGePMWfuRIRhu', 'avatar.png', NULL, NULL),
('b5e49b6f-d91d-4087-9bd3-baaa3c6fcc1e', 5, 'Soleh Wasita M.Farm', 'soleh_wasita_m.farm', '$2y$10$zu55.DjBUGwRxywByrC14ue1kYeT9skzs/cyQuU415HKvDrcvSc3e', 'avatar.png', NULL, NULL),
('b668ead9-c077-48fe-8301-55e02bb75650', 5, 'Marsito Suwarno', 'marsito_suwarno', '$2y$10$7k9x5ochwIISre0DXghWK.VMOBQu3StfOYhC39kZnmAKahjhWlth2', 'avatar.png', NULL, NULL),
('b6f3bdce-e095-4bb2-a237-16c9c4f7644d', 5, 'Azalea Eli Prastuti', 'azalea_eli_prastuti', '$2y$10$h9gyE.nPCDTCo7y1.8wLzOwfGl0EwpnS5jeSQ4WFnoB9yMUHGWTYa', 'avatar.png', NULL, NULL),
('b70706a9-32d2-4549-a981-5273b1575813', 5, 'Prasetyo Marbun', 'prasetyo_marbun', '$2y$10$OrCwrQOcf58QBMlBt8tGEOFnl7GMi7eVH5X/gGc1fp3GeaMw6wBKi', 'avatar.png', NULL, NULL),
('b87a795d-3148-473e-be78-a2fb58e38841', 5, 'Jaiman Simbolon', 'jaiman_simbolon', '$2y$10$MQ/NiOOGb2ykPpqvZ35i9eBm1SafHIyv5cL881eBimRMalM7.C8XC', 'avatar.png', NULL, NULL),
('bccfbd22-afcd-482e-8fdb-a14547fe4197', 5, 'Cakrabirawa Dongoran', 'cakrabirawa_dongoran', '$2y$10$p/RtI9rvqfcOvT8jblZKNOEZz/iplIBpiuuwnLcocRM2zVmUBNTQ2', 'avatar.png', NULL, NULL),
('be4bc2ca-ecc8-4e04-9f73-2ecd4e7a1fad', 5, 'Puti Handayani', 'puti_handayani', '$2y$10$CZhJ36K8qG/t6S6RUuIT7OZnIfm5CuYYmAe3TE9XB/FuyK8itPUqa', 'avatar.png', NULL, NULL),
('bea1a1bf-af38-4c01-ab80-0d056d02156d', 5, 'Pranata Uwais', 'pranata_uwais', '$2y$10$KHDendKY.cYexfL3rER20.kQBMEc3WxvSWrzqpBAwoWAUIyRHL2lC', 'avatar.png', NULL, NULL),
('c05bf4ac-39bb-4095-97ec-6dc493ee968c', 5, 'Lalita Ira Farida', 'lalita_ira_farida', '$2y$10$fs3.Al3T0q/Eybg4Mjk4MOtTDoWXsXZLrQA4BW2LK3TWscxBcQgzm', 'avatar.png', NULL, NULL),
('c51a77f7-f730-4342-8e34-4582a2290103', 5, 'Jaga Heryanto Napitupulu S.Gz', 'jaga_heryanto_napitupulu_s.gz', '$2y$10$QPwx2XiQSri/Z.l61ZFyD.AHn3ouQGM.IyM7s4drY6htjnDZqDaSW', 'avatar.png', NULL, NULL),
('c5954db0-7085-48d8-b827-f8feb56c12f3', 5, 'Dina Rahayu', 'dina_rahayu', '$2y$10$WqIjqH1RPcNWSl9HW0GF6Oil9MXUsQm/PLfsCAnQlD2SnaC1wcDfe', 'avatar.png', NULL, NULL),
('c727ca45-8083-4394-99b7-301cc2ccc58b', 5, 'Karimah Handayani', 'karimah_handayani', '$2y$10$r7oIZviiaOU4QRYK/hABLOTWqxP3Q2wSa6Oi2d7Ss7YnnkwU9OIKW', 'avatar.png', NULL, NULL),
('c8eac91b-0fe1-46a4-a0f2-8ba5350975ce', 5, 'Gabriella Nurdiyanti', 'gabriella_nurdiyanti', '$2y$10$UkBiCDoSxB2bBTzeZEmBgO9Q.MLlVUOfeZX.SPb6F391y/oHlGY0i', 'avatar.png', NULL, NULL),
('ca3dc13b-2024-4600-8d21-2a4c26ae63a3', 5, 'Putu Halim', 'putu_halim', '$2y$10$s.yYVNrkxr4HWLPEmWfbKu1VqiUQKmpnFZsDjoGivgJ6DEh8djhw.', 'avatar.png', NULL, NULL),
('cfedc5e9-bc6b-48d2-8098-bbeb66f2713e', 5, 'Karja Wasita', 'karja_wasita', '$2y$10$yW8xKbfX9/6oM0H23uYLxe5AW9aU/PzuSfvwADhqY.8v.FOBXYUay', 'avatar.png', NULL, NULL),
('d086d00e-2e5f-4f31-8ff7-58fd32f9136b', 5, 'Paulin Hani Puspita', 'paulin_hani_puspita', '$2y$10$YizibaEXhSBGE2OxOqKPXOzBGXrVAoU/l1svjF8TH9CbP/8I1Fhi6', 'avatar.png', NULL, NULL),
('d169b7a3-cea7-416b-a0f8-7788add76eed', 5, 'Putri Kamila Kuswandari', 'putri_kamila_kuswandari', '$2y$10$ek2g4TufwbA9hzAljmpE3uXD6R0ymXLCoPwzM6LaelwoEZH3m9npy', 'avatar.png', NULL, NULL),
('d4055370-b1e4-44b5-90f3-6845593a18d6', 5, 'Rahmi Hassanah M.Kom.', 'rahmi_hassanah_m.kom.', '$2y$10$n0FOSd79BwdklD.TSF1vn.I3OgwCnZraKbTDTcFFQLZdp8OUptk0e', 'avatar.png', NULL, NULL),
('d57c8aa0-f125-4b54-b41d-07904348b7b0', 5, 'Amalia Tari Wulandari', 'amalia_tari_wulandari', '$2y$10$mkJ6Cr8EMVBG2RhzFmO0teJGAr3Y0uCqvUWE72Su.QOK2Z3zgC8n2', 'avatar.png', NULL, NULL),
('d5a6412a-e6ae-46cc-9998-ea5cd0a12d19', 5, 'Tiara Fitriani Maryati M.Kom.', 'tiara_fitriani_maryati_m.kom.', '$2y$10$LxHY6RCU7E3WR/6synFQvOTu8kOfD7/5e.jIp6NxiON71Ualhg9Oe', 'avatar.png', NULL, NULL),
('d801cbf4-50d7-45d6-9ca0-3c65f821767f', 5, 'Hartaka Wacana', 'hartaka_wacana', '$2y$10$5jG9vGquqMkhiDu3D9XHNuRj3K6/DVKOfoPyEQfeIaz6oT2eil912', 'avatar.png', NULL, NULL),
('dae8165c-5fe8-4428-8e94-a49771b1cd3e', 5, 'Mila Uyainah', 'mila_uyainah', '$2y$10$GUw8EPcNxwaZ9kBN4KTqmeLdYqFuW/nOkURDE3QXOImAmgr/F6fm6', 'avatar.png', NULL, NULL),
('dd69cf27-8bce-4ee0-ba7b-ca37f201f065', 5, 'Ina Wahyuni', 'ina_wahyuni', '$2y$10$XWoB2fiCR9c5STwVTlhvneOdmCl5eCq4AjzRYfd6I6yBQI4HCdLca', 'avatar.png', NULL, NULL),
('dd9feafc-c72c-4cdf-af35-7e3163604fef', 5, 'Edi Lembah Pranowo S.Gz', 'edi_lembah_pranowo_s.gz', '$2y$10$rrItAXQ08zZ3QRmLTS85Nu1SL/WEtDn4dtL6Tq6gbGTfblE0Jjo1y', 'avatar.png', NULL, NULL),
('e44e4b11-2b3c-450b-a124-f562c59474ed', 5, 'Langgeng Nainggolan', 'langgeng_nainggolan', '$2y$10$2gRDSZwWN9oUbfhZJ47vsON0o55eTwGb1bo4qv3eYp0f7AZ/27dry', 'avatar.png', NULL, NULL),
('e62c5b3d-70b7-4263-bed8-3dcf05eb6c8f', 5, 'Irma Namaga M.Farm', 'irma_namaga_m.farm', '$2y$10$gOX5w5935h0ULYEqvWwBXOroBRYU3c1Ii4anw/IR9wRTh5XNbZBhq', 'avatar.png', NULL, NULL),
('ed4e9af8-9ca4-4329-b888-56926eb6bfce', 5, 'Jamalia Zizi Mulyani', 'jamalia_zizi_mulyani', '$2y$10$4HMkfJzw9SVYL84oDpBaCOaLLUH6gA/Ozs0esTLkYOQEVlkTNQTKu', 'avatar.png', NULL, NULL),
('f074fb69-4fec-4e74-a4a1-c42a9ed73990', 5, 'Sakti Bahuraksa Suryono M.Farm', 'sakti_bahuraksa_suryono_m.farm', '$2y$10$mLj51UBR4jyG.pu1INLU1e4qZDP.PHxuBDHNNp24Y7LidB7hF5Mxi', 'avatar.png', NULL, NULL),
('f10cac15-5171-4497-8eb1-d9395b6d39f5', 5, 'Hardi Zulkarnain', 'hardi_zulkarnain', '$2y$10$tkJ1X5ivV0OmJ3Gwg6/jMOjuWJcidxe3QcFBQqLNtkL9XAGN4wQ8O', 'avatar.png', NULL, NULL),
('f1ea6b11-8055-43d9-a4f0-b54dda39e1b2', 5, 'Ajiono Damanik M.TI.', 'ajiono_damanik_m.ti.', '$2y$10$hhe4l8xyZr..NHQCOWYT1e15CxWAoY3GdxPpLtdyGJJQ21Rg5fLP.', 'avatar.png', NULL, NULL),
('f3d57221-3920-43e2-93d6-f80dcd20cc38', 5, 'Raina Ajeng Susanti S.IP', 'raina_ajeng_susanti_s.ip', '$2y$10$tuI.m/aV8qn1PDhuDTd3buMBUJKYt5ftttXDPTGubumOTrKsCFxWe', 'avatar.png', NULL, NULL),
('f4c076aa-71fe-492f-aa30-79291212c168', 5, 'Tina Riyanti', 'tina_riyanti', '$2y$10$ROYwwHsmDgEPwDGE5Mqa4uKYB8NW8kPmwq8lCvJZnLv/D2XPUGXmK', 'avatar.png', NULL, NULL),
('f74240cb-7d05-418c-835d-dd30d2b4a2a7', 5, 'Umar Galar Prakasa S.Ked', 'umar_galar_prakasa_s.ked', '$2y$10$Es5FyrL4/22RS0Rl9Krga.A63AKPbXV9vMxalonUA/znEfj4iETpq', 'avatar.png', NULL, NULL),
('f8ceb12c-9cea-4fb9-8d9d-f4671ebfaeb0', 5, 'Lidya Kasiyah Namaga S.T.', 'lidya_kasiyah_namaga_s.t.', '$2y$10$pc.gV6nGE0NxEoimdWguH.MZFvgsMw0kt6Bjk8IQNG1bgQlLL4FLu', 'avatar.png', NULL, NULL);

INSERT INTO `employees` (`id`, `id_user`, `nama_lengkap`, `email`, `tempat_lahir`, `tanggal_lahir`, `id_divisi`, `id_posisi`, `no_hp`, `alamat_ktp`, `tempat_tinggal`, `agama`, `jenis_kelamin`, `status_pernikahan`, `golongan_darah`, `kewarganegaraan`, `nik`, `foto_ktp`, `id_pekerjaan`, `bank`, `nomor_rekening`, `created_at`, `updated_at`) VALUES
('03666439-f15f-4280-814e-6c84e9fd2634', '08e3a9c2-7f46-42f6-b3bc-0185c811ee7a', 'Muhammad Sihotang S.Pd', 'ghabibi@example.com', 'Mojokerto', '1988-03-05', 'bd63ccd1-7e31-42c8-bd5b-783bca160ad8', '3c7838bc-6483-4290-9a1e-fd9c6cacccc3', '08415679799', 'Jalan Malang No. 8', 'Jalan Malang No. 28', 'Konghucu', 'Perempuan', 'Cerai Hidup', 'A', 'WNI', '3582774669891696', 'ktp.jpg', '3a71fe0c-7777-43d1-8014-a51f5f0af369', 'BRI', '3581589989892599', NULL, NULL),
('06bbd09a-2c2f-4e12-8bd5-f88a60d5d690', '49d34121-eb4b-45b0-a75d-05740aa6eabc', 'Dalimin Emong Ardianto', 'qdongoran@example.net', 'Malang', '1999-02-08', 'bd63ccd1-7e31-42c8-bd5b-783bca160ad8', '3c7838bc-6483-4290-9a1e-fd9c6cacccc3', '08028798679', 'Jalan Surabaya No. 21', 'Jalan Surabaya No. 23', 'Konghucu', 'Laki-laki', 'Cerai Mati', 'O', 'WNA', '3563778699896238', 'ktp.jpg', 'a18e2b10-518e-434d-b024-fcd1ae68d1fb', 'BTN', '3565847899892266', NULL, NULL),
('083ecc2e-c2e6-41f4-a119-663962eeaa96', '9c5ae469-63b6-4698-94c2-be17de3f330a', 'Harto Nainggolan S.IP', 'kasiran.suryatmi@example.org', 'Sidoarjo', '1994-07-28', 'bd63ccd1-7e31-42c8-bd5b-783bca160ad8', '3c7838bc-6483-4290-9a1e-fd9c6cacccc3', '08683879989', 'Jalan Mojokerto No. 22', 'Jalan Malang No. 28', 'Budha', 'Laki-laki', 'Cerai Mati', 'AB', 'WNA', '3595266599896767', 'ktp.jpg', '4a26aa97-88cc-4141-bed9-b069dc95c672', 'BTN', '3539948978999499', NULL, NULL),
('090da0d2-7656-464b-84b3-2ca91a9211fe', '0f203ffb-63e3-4f9e-b803-415853d2dada', 'Eman Widodo S.Psi', 'ewijayanti@example.org', 'Surabaya', '1993-01-14', 'bd63ccd1-7e31-42c8-bd5b-783bca160ad8', '1d09f1ef-565b-4a7f-8de3-4fce5ebc2192', '08119848979', 'Jalan Sidoarjo No. 83', 'Jalan Mojokerto No. 51', 'Kristen', 'Perempuan', 'Belum Kawin', 'AB', 'WNI', '3541849888994658', 'ktp.jpg', 'a7f85fd3-c8fb-4530-b395-77907b2c0115', 'Danamon', '3599386598897497', NULL, NULL),
('091aabe6-e227-4a02-b5c9-7fc0bb658c0b', '691dd233-5732-4793-8370-d483d79c7c1e', 'Asman Gamanto Mahendra S.Pd', 'jpadmasari@example.com', 'Surabaya', '1985-07-18', 'bd63ccd1-7e31-42c8-bd5b-783bca160ad8', '1d09f1ef-565b-4a7f-8de3-4fce5ebc2192', '08713386678', 'Jalan Surabaya No. 21', 'Jalan Surabaya No. 23', 'Hindu', 'Perempuan', 'Cerai Mati', 'AB', 'WNA', '3504496687992747', 'ktp.jpg', '913c326a-a6e0-47f9-bab1-6fd1be4619f8', 'OCBC', '3582465599896669', NULL, NULL),
('0c13f40a-95b4-4856-9c03-e03d0516bd46', 'b87a795d-3148-473e-be78-a2fb58e38841', 'Jaiman Simbolon', 'dasa47@example.org', 'Surabaya', '1988-02-21', 'bd63ccd1-7e31-42c8-bd5b-783bca160ad8', '1d09f1ef-565b-4a7f-8de3-4fce5ebc2192', '08337545698', 'Jalan Sidoarjo No. 83', 'Jalan Malang No. 28', 'Islam', 'Perempuan', 'Cerai Hidup', 'AB', 'WNA', '3565869678899494', 'ktp.jpg', 'd8c7a1c8-1f06-45fb-8fe1-4f742b34a8aa', 'Mandiri', '3592335799998495', NULL, NULL),
('0d31ac29-799b-4f7d-8776-23b713f5454d', '8521664a-51f7-4bd9-a9be-4e58fc8a807b', 'Nurul Safitri', 'anggriawan.gatot@example.com', 'Sidoarjo', '1986-12-14', 'bd63ccd1-7e31-42c8-bd5b-783bca160ad8', '3c7838bc-6483-4290-9a1e-fd9c6cacccc3', '08856786979', 'Jalan Surabaya No. 21', 'Jalan Mojokerto No. 51', 'Hindu', 'Laki-laki', 'Belum Kawin', 'O', 'WNI', '3592795588999459', 'ktp.jpg', 'fbc5d0fb-7c00-40df-b011-ae2401b7b48b', 'BRI', '3599378867897556', NULL, NULL),
('0fb07020-ed38-489f-887c-5f64b3526a12', 'ed4e9af8-9ca4-4329-b888-56926eb6bfce', 'Jamalia Zizi Mulyani', 'susanti.dian@example.com', 'Malang', '1995-07-31', 'bd63ccd1-7e31-42c8-bd5b-783bca160ad8', '3c7838bc-6483-4290-9a1e-fd9c6cacccc3', '08137785699', 'Jalan Surabaya No. 21', 'Jalan Malang No. 28', 'Hindu', 'Laki-laki', 'Cerai Hidup', 'AB', 'WNI', '3589587599996479', 'ktp.jpg', 'fe9a1449-75e4-4303-bcfd-0d4d7438c6e9', 'BRI', '3581237877992857', NULL, NULL),
('1138f637-2eb2-4ebe-9dce-ae4e3ec2afb4', 'd086d00e-2e5f-4f31-8ff7-58fd32f9136b', 'Paulin Hani Puspita', 'niswahyudi@example.com', 'Sidoarjo', '1996-07-30', 'bd63ccd1-7e31-42c8-bd5b-783bca160ad8', '1d09f1ef-565b-4a7f-8de3-4fce5ebc2192', '08397576688', 'Jalan Mojokerto No. 22', 'Jalan Surabaya No. 23', 'Budha', 'Perempuan', 'Kawin', 'O', 'WNI', '3521367597996535', 'ktp.jpg', 'ea85c650-551e-4d1d-91a0-4505e71610dd', 'BCA', '3595364568992687', NULL, NULL),
('12b091e1-408c-48f9-8099-047a3ce94d4a', '2fc95fab-932d-48cc-8308-a51011fb7e56', 'Aisyah Laksmiwati S.Farm', 'tadriansyah@example.org', 'Malang', '1991-03-24', 'bd63ccd1-7e31-42c8-bd5b-783bca160ad8', '3c7838bc-6483-4290-9a1e-fd9c6cacccc3', '08829346678', 'Jalan Malang No. 8', 'Jalan Malang No. 28', 'Kristen', 'Perempuan', 'Cerai Hidup', 'O', 'WNA', '3577368788893757', 'ktp.jpg', 'b83bbbdd-e64d-49af-a82d-23466ab9e6e1', 'Mega', '3516885668896266', NULL, NULL),
('14e90d96-990e-42ce-989d-e951096811ab', '12ab5f3f-f114-410e-bb04-6b08a99525e7', 'Qori Kuswandari', 'galih.usamah@example.org', 'Sidoarjo', '1990-08-30', 'bd63ccd1-7e31-42c8-bd5b-783bca160ad8', '1d09f1ef-565b-4a7f-8de3-4fce5ebc2192', '08753657989', 'Jalan Malang No. 8', 'Jalan Malang No. 28', 'Kristen', 'Perempuan', 'Kawin', 'A', 'WNI', '3544379688994245', 'ktp.jpg', '913c326a-a6e0-47f9-bab1-6fd1be4619f8', 'BTN', '3576846599892788', NULL, NULL),
('180c18f9-d019-4df0-bc32-359f95e15c7e', '780e26ba-ddc0-41d7-8885-47269ef7adfb', 'Julia Nurdiyanti', 'salahudin.titin@example.com', 'Malang', '2000-01-27', 'bd63ccd1-7e31-42c8-bd5b-783bca160ad8', '1d09f1ef-565b-4a7f-8de3-4fce5ebc2192', '08715459879', 'Jalan Surabaya No. 21', 'Jalan Malang No. 28', 'Islam', 'Laki-laki', 'Cerai Mati', 'A', 'WNI', '3575449588995549', 'ktp.jpg', 'c6c4e0d9-b68a-49bd-97b4-ff09c7ea3196', 'Permata', '3543569888995479', NULL, NULL),
('18a29f80-1fa9-4271-8bce-43dbe7fa1af2', 'a2c39394-59b1-4bff-a826-38f8856af1da', 'Yani Yuniar', 'nhalimah@example.net', 'Sidoarjo', '1985-01-03', 'bd63ccd1-7e31-42c8-bd5b-783bca160ad8', '1d09f1ef-565b-4a7f-8de3-4fce5ebc2192', '08367958888', 'Jalan Surabaya No. 21', 'Jalan Sidoarjo No. 18', 'Konghucu', 'Laki-laki', 'Cerai Mati', 'AB', 'WNA', '3559938869997577', 'ktp.jpg', 'ea85c650-551e-4d1d-91a0-4505e71610dd', 'CIMB', '3558297678893269', NULL, NULL),
('1918fac1-a892-43d2-9008-3c872c626b8b', '83ea2b3b-547e-45f0-a1a9-a993415f3115', 'Daryani Samosir', 'kusmawati.wasis@example.com', 'Surabaya', '1991-07-16', 'bd63ccd1-7e31-42c8-bd5b-783bca160ad8', '3c7838bc-6483-4290-9a1e-fd9c6cacccc3', '08817977979', 'Jalan Malang No. 8', 'Jalan Sidoarjo No. 18', 'Budha', 'Perempuan', 'Cerai Hidup', 'O', 'WNI', '3501834699892256', 'ktp.jpg', '7ca6f010-6d35-4647-aeed-34a4d3678c61', 'Mega', '3535749677994346', NULL, NULL),
('1f7f03e2-7009-4ab9-b55a-421c8000a097', 'd801cbf4-50d7-45d6-9ca0-3c65f821767f', 'Hartaka Wacana', 'rahimah.maras@example.org', 'Malang', '1985-02-05', 'bd63ccd1-7e31-42c8-bd5b-783bca160ad8', '1d09f1ef-565b-4a7f-8de3-4fce5ebc2192', '08058977888', 'Jalan Surabaya No. 21', 'Jalan Surabaya No. 23', 'Kristen', 'Laki-laki', 'Belum Kawin', 'A', 'WNA', '3506276589997279', 'ktp.jpg', '315aecd8-f3f2-46cd-8834-3e44cdc289bb', 'BRI', '3575947969899537', NULL, NULL),
('2040105e-32cf-471c-abea-e56447767601', '4708abdd-a458-4705-bc21-b45fe67d2604', 'Natalia Nasyidah S.E.I', 'ilsa.sitompul@example.com', 'Mojokerto', '1997-10-09', 'bd63ccd1-7e31-42c8-bd5b-783bca160ad8', '3c7838bc-6483-4290-9a1e-fd9c6cacccc3', '08827849878', 'Jalan Mojokerto No. 22', 'Jalan Mojokerto No. 51', 'Hindu', 'Laki-laki', 'Cerai Hidup', 'B', 'WNA', '3544557768895344', 'ktp.jpg', '14f5505b-c2d2-4b89-8901-818407e7cd0e', 'OCBC', '3557268589994778', NULL, NULL),
('2383c56e-d3e4-4f6d-87c5-e25fd2e8af61', '43a9f15c-dc45-4176-ae8f-a73c97b3c8dd', 'Ratih Puspasari', 'dimaz47@example.net', 'Sidoarjo', '1991-10-30', 'bd63ccd1-7e31-42c8-bd5b-783bca160ad8', '1d09f1ef-565b-4a7f-8de3-4fce5ebc2192', '08866479898', 'Jalan Mojokerto No. 22', 'Jalan Mojokerto No. 51', 'Islam', 'Laki-laki', 'Cerai Mati', 'B', 'WNA', '3573669798897238', 'ktp.jpg', '7f239828-5230-4b1e-95ab-e05a37cea08a', 'BNI', '3597979879898834', NULL, NULL),
('2865d4dd-d65f-4516-a2fe-775baa80912b', 'f4c076aa-71fe-492f-aa30-79291212c168', 'Tina Riyanti', 'bwidodo@example.org', 'Sidoarjo', '1995-07-08', 'bd63ccd1-7e31-42c8-bd5b-783bca160ad8', '1d09f1ef-565b-4a7f-8de3-4fce5ebc2192', '08014859878', 'Jalan Surabaya No. 21', 'Jalan Mojokerto No. 51', 'Budha', 'Perempuan', 'Cerai Hidup', 'AB', 'WNA', '3562874577997467', 'ktp.jpg', '3f549826-484c-409c-b7d7-e6f1426bf593', 'Permata', '3545365897898847', NULL, NULL),
('28c0c5c6-3783-4c60-9191-38e0b73bbbbf', '5a099c5f-992c-409c-b664-61797a73e57d', 'Sakura Unjani Hassanah M.M.', 'kusumo.panca@example.com', 'Mojokerto', '1998-04-28', 'bd63ccd1-7e31-42c8-bd5b-783bca160ad8', '1d09f1ef-565b-4a7f-8de3-4fce5ebc2192', '08138898798', 'Jalan Malang No. 8', 'Jalan Mojokerto No. 51', 'Konghucu', 'Perempuan', 'Cerai Hidup', 'B', 'WNA', '3515434898994956', 'ktp.jpg', 'fbc5d0fb-7c00-40df-b011-ae2401b7b48b', 'Mega', '3564359878995468', NULL, NULL),
('2f473c3e-8375-47e3-9ad0-03dfd41546b1', 'c727ca45-8083-4394-99b7-301cc2ccc58b', 'Karimah Handayani', 'olivia.nainggolan@example.org', 'Mojokerto', '1997-06-10', 'bd63ccd1-7e31-42c8-bd5b-783bca160ad8', '1d09f1ef-565b-4a7f-8de3-4fce5ebc2192', '08218957779', 'Jalan Sidoarjo No. 83', 'Jalan Mojokerto No. 51', 'Konghucu', 'Laki-laki', 'Belum Kawin', 'AB', 'WNA', '3557674788893674', 'ktp.jpg', '88dc7a4b-f989-47a0-903b-7ff4c1ffa5d7', 'BNI', '3546566969999844', NULL, NULL),
('30096441-65b5-4362-9284-b84bbdf491c8', 'dae8165c-5fe8-4428-8e94-a49771b1cd3e', 'Mila Uyainah', 'rajasa.kemal@example.org', 'Malang', '1987-02-17', 'bd63ccd1-7e31-42c8-bd5b-783bca160ad8', '3c7838bc-6483-4290-9a1e-fd9c6cacccc3', '08727565679', 'Jalan Surabaya No. 21', 'Jalan Surabaya No. 23', 'Konghucu', 'Laki-laki', 'Kawin', 'B', 'WNI', '3553988587897675', 'ktp.jpg', 'adea1b16-4e80-4513-a5b6-8a7ad2cd2582', 'Mega', '3583379597992587', NULL, NULL),
('303cc81b-93d0-4de1-853b-a78b376d43e9', '37d4845d-1286-4d95-abac-f70e16055ada', 'Garan Harjo Pranowo S.Kom', 'uyainah.irwan@example.com', 'Sidoarjo', '1986-06-18', 'bd63ccd1-7e31-42c8-bd5b-783bca160ad8', '1d09f1ef-565b-4a7f-8de3-4fce5ebc2192', '08923546688', 'Jalan Sidoarjo No. 83', 'Jalan Malang No. 28', 'Hindu', 'Laki-laki', 'Cerai Mati', 'AB', 'WNA', '3532288877899878', 'ktp.jpg', '822d9bdc-6f75-494c-a06e-e1402c3f01a7', 'Permata', '3516567897898639', NULL, NULL),
('35f8d348-056a-4b4a-854c-6368abef4eca', '10e383b3-6c79-45e0-9636-c40289f6f48c', 'Diana Kasiyah Yulianti', 'oliva72@example.org', 'Sidoarjo', '1991-06-28', 'bd63ccd1-7e31-42c8-bd5b-783bca160ad8', '3c7838bc-6483-4290-9a1e-fd9c6cacccc3', '08115686899', 'Jalan Mojokerto No. 22', 'Jalan Surabaya No. 23', 'Konghucu', 'Laki-laki', 'Cerai Mati', 'A', 'WNI', '3551835897891637', 'ktp.jpg', 'b4f34f3c-188d-4f88-8ce4-5f653d805c47', 'BNI', '3577466569894736', NULL, NULL),
('3d4d6845-8ed7-44d9-b377-afda9f21ada8', '652faa16-4085-4940-9ff0-255ab3e41255', 'Ira Dina Purnawati S.IP', 'januar.galur@example.com', 'Malang', '1989-08-13', 'bd63ccd1-7e31-42c8-bd5b-783bca160ad8', '3c7838bc-6483-4290-9a1e-fd9c6cacccc3', '08489377979', 'Jalan Mojokerto No. 22', 'Jalan Surabaya No. 23', 'Hindu', 'Laki-laki', 'Cerai Hidup', 'AB', 'WNA', '3544967869991646', 'ktp.jpg', '171e7cf8-afea-4469-8538-3e41ae8c9294', 'OCBC', '3557645688899789', NULL, NULL),
('44f371ff-d90c-4f0a-a156-9b46a450fe9e', 'ca3dc13b-2024-4600-8d21-2a4c26ae63a3', 'Putu Halim', 'manullang.harjasa@example.com', 'Sidoarjo', '2000-04-22', 'bd63ccd1-7e31-42c8-bd5b-783bca160ad8', '1d09f1ef-565b-4a7f-8de3-4fce5ebc2192', '08142765779', 'Jalan Sidoarjo No. 83', 'Jalan Mojokerto No. 51', 'Hindu', 'Perempuan', 'Cerai Mati', 'B', 'WNA', '3534688867893875', 'ktp.jpg', 'f2c4e52b-c6ac-473f-b310-d79db8250c18', 'CIMB', '3595749579991689', NULL, NULL),
('4533835e-36dc-4bd0-954d-226b67578f5d', '2c54c5b9-1944-49b9-bc98-2828895d42b4', 'Kenari Luluh Mansur', 'saefullah.gabriella@example.com', 'Sidoarjo', '2000-03-09', 'bd63ccd1-7e31-42c8-bd5b-783bca160ad8', '1d09f1ef-565b-4a7f-8de3-4fce5ebc2192', '08959587699', 'Jalan Mojokerto No. 22', 'Jalan Sidoarjo No. 18', 'Kristen', 'Laki-laki', 'Cerai Hidup', 'B', 'WNI', '3522879879896687', 'ktp.jpg', '913c326a-a6e0-47f9-bab1-6fd1be4619f8', 'BCA', '3536657568893748', NULL, NULL),
('482e7d92-304e-4f08-b1cc-1c796e98bb1c', '4c6edd1c-b465-4bef-ad52-9254bd29963e', 'Purwanto Narpati', 'drahmawati@example.com', 'Surabaya', '1993-08-24', 'bd63ccd1-7e31-42c8-bd5b-783bca160ad8', '1d09f1ef-565b-4a7f-8de3-4fce5ebc2192', '08364596899', 'Jalan Surabaya No. 21', 'Jalan Mojokerto No. 51', 'Konghucu', 'Laki-laki', 'Cerai Mati', 'AB', 'WNI', '3529967579994596', 'ktp.jpg', '7f52575f-d8b9-4cc6-8d40-30b8aba2578d', 'BNI', '3589236899996347', NULL, NULL),
('4de042bc-d087-4025-87f9-63d41c95f323', '46dd5061-7797-447d-bcf0-6a9d86343e3e', 'Pia Puspita', 'ajeng.mahendra@example.com', 'Mojokerto', '1995-07-24', 'bd63ccd1-7e31-42c8-bd5b-783bca160ad8', '1d09f1ef-565b-4a7f-8de3-4fce5ebc2192', '08749488778', 'Jalan Malang No. 8', 'Jalan Sidoarjo No. 18', 'Kristen', 'Perempuan', 'Belum Kawin', 'A', 'WNI', '3564845598899874', 'ktp.jpg', '130dbf0d-2d8b-4e0b-9b02-3b42bd85bdd9', 'Mega', '3598439569893475', NULL, NULL),
('4ed90b2e-9303-4710-943d-8fd87ca81a18', 'f074fb69-4fec-4e74-a4a1-c42a9ed73990', 'Sakti Bahuraksa Suryono M.Farm', 'laksmiwati.paris@example.org', 'Sidoarjo', '1996-10-08', 'bd63ccd1-7e31-42c8-bd5b-783bca160ad8', '3c7838bc-6483-4290-9a1e-fd9c6cacccc3', '08023898679', 'Jalan Sidoarjo No. 83', 'Jalan Surabaya No. 23', 'Konghucu', 'Perempuan', 'Cerai Mati', 'AB', 'WNA', '3572784867896696', 'ktp.jpg', '3a25b13d-df3b-4209-8853-8b891ffbb65c', 'Mega', '3525584987894354', NULL, NULL),
('504e193d-2086-4d42-be81-dee6db0cdfa2', 'dd9feafc-c72c-4cdf-af35-7e3163604fef', 'Edi Lembah Pranowo S.Gz', 'hari90@example.net', 'Malang', '1991-06-03', 'bd63ccd1-7e31-42c8-bd5b-783bca160ad8', '3c7838bc-6483-4290-9a1e-fd9c6cacccc3', '08349748978', 'Jalan Malang No. 8', 'Jalan Mojokerto No. 51', 'Katolik', 'Perempuan', 'Belum Kawin', 'B', 'WNI', '3581258977898664', 'ktp.jpg', 'b295a3b4-ecb6-4240-aba1-541702111a71', 'Mega', '3598385587995665', NULL, NULL),
('525ad86e-1ecf-4b68-9e23-2be1098b9fd1', 'a65a3d86-b527-47ff-bf3f-add4ee5ba79a', 'Yuni Yulia Winarsih', 'ehidayanto@example.org', 'Mojokerto', '1997-09-01', 'bd63ccd1-7e31-42c8-bd5b-783bca160ad8', '3c7838bc-6483-4290-9a1e-fd9c6cacccc3', '08776999998', 'Jalan Surabaya No. 21', 'Jalan Sidoarjo No. 18', 'Kristen', 'Perempuan', 'Belum Kawin', 'AB', 'WNI', '3502484867898889', 'ktp.jpg', '88fbb3bc-b643-458d-a360-ccd494370e55', 'BTN', '3523279687895246', NULL, NULL),
('52e04cbb-2e28-4138-9eb8-c978501309f9', '4a9788f6-5a5e-4b9e-a3cc-c63a5a2d0b12', 'Dinda Zulaika', 'kasusra07@example.com', 'Surabaya', '1992-11-21', 'bd63ccd1-7e31-42c8-bd5b-783bca160ad8', '3c7838bc-6483-4290-9a1e-fd9c6cacccc3', '08459799979', 'Jalan Mojokerto No. 22', 'Jalan Mojokerto No. 51', 'Islam', 'Perempuan', 'Kawin', 'B', 'WNI', '3503969777891644', 'ktp.jpg', '20b14019-10ca-477e-add5-ad1573ff436f', 'BTN', '3526838697892468', NULL, NULL),
('54796740-a2be-4085-bec8-35ecfe87b708', 'e44e4b11-2b3c-450b-a124-f562c59474ed', 'Langgeng Nainggolan', 'rahmawati.syahrini@example.org', 'Mojokerto', '1997-08-11', 'bd63ccd1-7e31-42c8-bd5b-783bca160ad8', '1d09f1ef-565b-4a7f-8de3-4fce5ebc2192', '08074458879', 'Jalan Malang No. 8', 'Jalan Sidoarjo No. 18', 'Konghucu', 'Laki-laki', 'Cerai Mati', 'A', 'WNI', '3524274789891965', 'ktp.jpg', 'eb27364c-b37b-4409-a912-12197832fd60', 'Permata', '3591336969991266', NULL, NULL),
('5bb98b3f-8423-44e4-8a8d-382414ca6d37', 'd169b7a3-cea7-416b-a0f8-7788add76eed', 'Putri Kamila Kuswandari', 'tina.nasyiah@example.com', 'Surabaya', '1997-06-12', 'bd63ccd1-7e31-42c8-bd5b-783bca160ad8', '3c7838bc-6483-4290-9a1e-fd9c6cacccc3', '08628565988', 'Jalan Surabaya No. 21', 'Jalan Surabaya No. 23', 'Islam', 'Perempuan', 'Cerai Mati', 'O', 'WNA', '3573754788997459', 'ktp.jpg', 'fb939eb2-3098-4e23-88e3-6a20ca4e8309', 'BTN', '3526864587893444', NULL, NULL),
('5bc2ee86-4baa-4eef-9f17-ce31d1b6a2f6', '7ed14dcf-61c9-435e-90ec-fb0ca6ef02d7', 'Gaiman Mangunsong', 'umar.purwanti@example.net', 'Surabaya', '1997-05-10', 'bd63ccd1-7e31-42c8-bd5b-783bca160ad8', '1d09f1ef-565b-4a7f-8de3-4fce5ebc2192', '08586979688', 'Jalan Surabaya No. 21', 'Jalan Malang No. 28', 'Budha', 'Laki-laki', 'Cerai Hidup', 'A', 'WNI', '3599894779994896', 'ktp.jpg', '913c326a-a6e0-47f9-bab1-6fd1be4619f8', 'Permata', '3535638698991846', NULL, NULL),
('5c00f8c8-5b6f-41ec-9174-1dfce1304590', '26ddac51-1058-43de-a7c5-b3bd4d8c40f8', 'Zulaikha Tari Novitasari M.M.', 'tami00@example.org', 'Surabaya', '1988-03-01', 'bd63ccd1-7e31-42c8-bd5b-783bca160ad8', '3c7838bc-6483-4290-9a1e-fd9c6cacccc3', '08027757878', 'Jalan Malang No. 8', 'Jalan Surabaya No. 23', 'Islam', 'Perempuan', 'Cerai Mati', 'AB', 'WNI', '3553579899991586', 'ktp.jpg', '6bff17b8-c9ba-4ef1-8e77-5eb2c308b4c9', 'BRI', '3541264899994988', NULL, NULL),
('5d384923-65d7-4bdd-990a-a101e7970059', '926d5311-f341-46e2-b04d-9016d359c8e2', 'Asirwanda Pangestu', 'taufik.rahayu@example.net', 'Malang', '2000-05-26', 'bd63ccd1-7e31-42c8-bd5b-783bca160ad8', '3c7838bc-6483-4290-9a1e-fd9c6cacccc3', '08077375799', 'Jalan Surabaya No. 21', 'Jalan Surabaya No. 23', 'Hindu', 'Perempuan', 'Kawin', 'AB', 'WNI', '3567269668994439', 'ktp.jpg', '7f52575f-d8b9-4cc6-8d40-30b8aba2578d', 'BTN', '3505634689893878', NULL, NULL),
('5d9b1939-d7b6-485f-9db8-d3e23cd73a86', 'f1ea6b11-8055-43d9-a4f0-b54dda39e1b2', 'Ajiono Damanik M.TI.', 'wulandari.paramita@example.com', 'Mojokerto', '1995-05-30', 'bd63ccd1-7e31-42c8-bd5b-783bca160ad8', '1d09f1ef-565b-4a7f-8de3-4fce5ebc2192', '08519876688', 'Jalan Mojokerto No. 22', 'Jalan Mojokerto No. 51', 'Hindu', 'Laki-laki', 'Kawin', 'O', 'WNA', '3596285878899869', 'ktp.jpg', '7f3513ea-f84e-48a0-b0e4-5204eb5753ab', 'BCA', '3518567687899997', NULL, NULL),
('5f38690b-26fe-47bb-aaf5-d2324333a0e8', 'c51a77f7-f730-4342-8e34-4582a2290103', 'Jaga Heryanto Napitupulu S.Gz', 'gunawan.naradi@example.com', 'Surabaya', '1994-08-11', 'bd63ccd1-7e31-42c8-bd5b-783bca160ad8', '1d09f1ef-565b-4a7f-8de3-4fce5ebc2192', '08188595899', 'Jalan Surabaya No. 21', 'Jalan Sidoarjo No. 18', 'Hindu', 'Laki-laki', 'Cerai Mati', 'O', 'WNA', '3586357779997457', 'ktp.jpg', '88fbb3bc-b643-458d-a360-ccd494370e55', 'Mandiri', '3589639988897385', NULL, NULL),
('60f6620f-5fcf-4e12-ba67-6cd25befb759', '19e13a37-2880-42dc-b813-154f11fd815d', 'Titi Purnawati', 'rosman31@example.net', 'Surabaya', '1995-05-01', 'bd63ccd1-7e31-42c8-bd5b-783bca160ad8', '1d09f1ef-565b-4a7f-8de3-4fce5ebc2192', '08648395779', 'Jalan Mojokerto No. 22', 'Jalan Mojokerto No. 51', 'Budha', 'Laki-laki', 'Cerai Mati', 'A', 'WNI', '3539299688894889', 'ktp.jpg', 'bec5dd07-a4e0-4414-b664-0f19b4290482', 'Permata', '3574875678892767', NULL, NULL),
('617a3265-1fbf-4c42-ab8c-07f8cfe48b32', 'c05bf4ac-39bb-4095-97ec-6dc493ee968c', 'Lalita Ira Farida', 'suryono.tri@example.net', 'Mojokerto', '2000-10-15', 'bd63ccd1-7e31-42c8-bd5b-783bca160ad8', '1d09f1ef-565b-4a7f-8de3-4fce5ebc2192', '08912559979', 'Jalan Surabaya No. 21', 'Jalan Surabaya No. 23', 'Katolik', 'Perempuan', 'Cerai Mati', 'B', 'WNA', '3586846597898757', 'ktp.jpg', 'fbc5d0fb-7c00-40df-b011-ae2401b7b48b', 'Mega', '3512758888998336', NULL, NULL),
('67bfcfca-7125-4988-abec-431dc09e3992', '3110f985-8997-4976-982f-f8057e2f0c19', 'Gambira Megantara S.Farm', 'snasyiah@example.com', 'Malang', '1992-02-14', 'bd63ccd1-7e31-42c8-bd5b-783bca160ad8', '3c7838bc-6483-4290-9a1e-fd9c6cacccc3', '08128457778', 'Jalan Surabaya No. 21', 'Jalan Sidoarjo No. 18', 'Hindu', 'Laki-laki', 'Kawin', 'O', 'WNA', '3525447869999779', 'ktp.jpg', '2176338e-3dba-4b4f-b8cf-9a417c981dd1', 'BTN', '3518375579895849', NULL, NULL),
('67d404d8-7864-4f71-a569-0516e946399a', '32292c2b-cb9d-436f-8ecc-a4b70087083d', 'Maida Lili Hastuti', 'kuswandari.padmi@example.com', 'Surabaya', '2001-04-07', 'bd63ccd1-7e31-42c8-bd5b-783bca160ad8', '3c7838bc-6483-4290-9a1e-fd9c6cacccc3', '08752687878', 'Jalan Sidoarjo No. 83', 'Jalan Mojokerto No. 51', 'Islam', 'Laki-laki', 'Belum Kawin', 'B', 'WNA', '3506934688897268', 'ktp.jpg', 'ac5b179f-a938-470a-8823-e56a25689c30', 'BNI', '3582685787996256', NULL, NULL),
('68349608-ba3c-48bc-9017-af267b9f7917', '3c6913e1-ab20-4d79-8380-ddfc6a9b51db', 'Kusuma Prakasa S.Pd', 'suwarno.septi@example.net', 'Surabaya', '1997-06-19', 'bd63ccd1-7e31-42c8-bd5b-783bca160ad8', '3c7838bc-6483-4290-9a1e-fd9c6cacccc3', '08399365878', 'Jalan Mojokerto No. 22', 'Jalan Surabaya No. 23', 'Kristen', 'Perempuan', 'Cerai Hidup', 'O', 'WNA', '3503989797999399', 'ktp.jpg', '573902b3-4403-4c7c-aeb4-492a73cdc6bc', 'Danamon', '3525594879893996', NULL, NULL),
('6c19a22b-7386-49b2-8435-819329cef947', '062c3adc-a977-414f-844f-292d4b9799b7', 'Puti Haryanti', 'owidodo@example.net', 'Sidoarjo', '2001-12-01', 'bd63ccd1-7e31-42c8-bd5b-783bca160ad8', '1d09f1ef-565b-4a7f-8de3-4fce5ebc2192', '08733668889', 'Jalan Mojokerto No. 22', 'Jalan Sidoarjo No. 18', 'Konghucu', 'Perempuan', 'Cerai Hidup', 'O', 'WNI', '3552266579895654', 'ktp.jpg', '382391d8-f689-44b5-b2dd-a621a50d0a01', 'BTN', '3583868879996688', NULL, NULL),
('6f2a78b8-50d3-4190-8f0d-d251a8392ebe', 'b70706a9-32d2-4549-a981-5273b1575813', 'Prasetyo Marbun', 'pangestu.damanik@example.com', 'Mojokerto', '1990-06-02', 'bd63ccd1-7e31-42c8-bd5b-783bca160ad8', '1d09f1ef-565b-4a7f-8de3-4fce5ebc2192', '08598545688', 'Jalan Mojokerto No. 22', 'Jalan Sidoarjo No. 18', 'Konghucu', 'Perempuan', 'Kawin', 'O', 'WNI', '3572956869991477', 'ktp.jpg', '77bb58cc-3d2d-4b16-9b9d-114ea523e0f2', 'BRI', '3567337979895649', NULL, NULL),
('72ca8c25-9ffe-4799-974f-2fb3af5d211b', 'ad30abd1-1e52-4d61-a952-572b2ad4a6fd', 'Yessi Nova Purnawati S.Kom', 'julia.firgantoro@example.com', 'Mojokerto', '1994-03-18', 'bd63ccd1-7e31-42c8-bd5b-783bca160ad8', '1d09f1ef-565b-4a7f-8de3-4fce5ebc2192', '08856849688', 'Jalan Mojokerto No. 22', 'Jalan Mojokerto No. 51', 'Katolik', 'Perempuan', 'Kawin', 'A', 'WNI', '3585699998895467', 'ktp.jpg', '484b56a4-ac21-47d8-a99d-2c8f504fe91f', 'Permata', '3508244798994475', NULL, NULL),
('73a85a75-9c87-48db-aeda-55057b931aa1', '7cd045b5-a0fa-47c1-98de-ffd63a9fd7ec', 'Iriana Padmasari', 'zsihombing@example.org', 'Malang', '1993-11-26', 'bd63ccd1-7e31-42c8-bd5b-783bca160ad8', '3c7838bc-6483-4290-9a1e-fd9c6cacccc3', '08215377688', 'Jalan Sidoarjo No. 83', 'Jalan Sidoarjo No. 18', 'Budha', 'Perempuan', 'Belum Kawin', 'O', 'WNA', '3561345888893656', 'ktp.jpg', 'c5995939-219c-4023-aa1d-a31740d67fc8', 'BCA', '3586595679895646', NULL, NULL),
('76e707ea-0024-430f-a933-2becef4f3a57', '7c8ab791-446b-4a18-bdab-a2ef3caaea4a', 'Cahyadi Zulkarnain', 'jindra.sihombing@example.org', 'Malang', '1997-03-09', 'bd63ccd1-7e31-42c8-bd5b-783bca160ad8', '3c7838bc-6483-4290-9a1e-fd9c6cacccc3', '08199486788', 'Jalan Surabaya No. 21', 'Jalan Surabaya No. 23', 'Islam', 'Perempuan', 'Cerai Hidup', 'B', 'WNA', '3514268888893955', 'ktp.jpg', '24cbbfd3-a5bf-41e3-b770-b16488fd9274', 'CIMB', '3526789678997737', NULL, NULL),
('781235f1-76ac-4bfc-b168-c237a5357e2b', '1f13d8b2-898a-4eb5-9e12-21baaddcef1d', 'Vino Damar Maheswara M.TI.', 'hutasoit.siti@example.com', 'Mojokerto', '1990-11-19', 'bd63ccd1-7e31-42c8-bd5b-783bca160ad8', '3c7838bc-6483-4290-9a1e-fd9c6cacccc3', '08284687699', 'Jalan Mojokerto No. 22', 'Jalan Mojokerto No. 51', 'Katolik', 'Perempuan', 'Cerai Hidup', 'B', 'WNI', '3527486988891946', 'ktp.jpg', '315aecd8-f3f2-46cd-8834-3e44cdc289bb', 'BNI', '3539494567899295', NULL, NULL),
('7df5e2ee-4dd1-46a2-b9a5-83c08defad9b', 'be4bc2ca-ecc8-4e04-9f73-2ecd4e7a1fad', 'Puti Handayani', 'zahra.pranowo@example.org', 'Surabaya', '1994-10-18', 'bd63ccd1-7e31-42c8-bd5b-783bca160ad8', '3c7838bc-6483-4290-9a1e-fd9c6cacccc3', '08998855889', 'Jalan Malang No. 8', 'Jalan Sidoarjo No. 18', 'Kristen', 'Laki-laki', 'Cerai Mati', 'B', 'WNA', '3575956767891545', 'ktp.jpg', '88dc7a4b-f989-47a0-903b-7ff4c1ffa5d7', 'BNI', '3512996967998939', NULL, NULL),
('8019a5e0-0865-40de-88b3-1c5ab5b4bd55', 'd5a6412a-e6ae-46cc-9998-ea5cd0a12d19', 'Tiara Fitriani Maryati M.Kom.', 'xfarida@example.org', 'Mojokerto', '1991-03-02', 'bd63ccd1-7e31-42c8-bd5b-783bca160ad8', '1d09f1ef-565b-4a7f-8de3-4fce5ebc2192', '08742346788', 'Jalan Malang No. 8', 'Jalan Mojokerto No. 51', 'Hindu', 'Perempuan', 'Kawin', 'AB', 'WNI', '3555744678894899', 'ktp.jpg', '6bfe6021-7d71-4f59-8d70-77713f910356', 'Permata', '3565498968996794', NULL, NULL),
('85a7da52-d533-416b-b213-762549fb6a7c', '5299b556-92ba-48f3-bd1e-f1ca32995d09', 'Genta Riyanti', 'hidayanto.paulin@example.org', 'Malang', '2001-04-03', 'bd63ccd1-7e31-42c8-bd5b-783bca160ad8', '1d09f1ef-565b-4a7f-8de3-4fce5ebc2192', '08253487799', 'Jalan Mojokerto No. 22', 'Jalan Mojokerto No. 51', 'Budha', 'Perempuan', 'Cerai Hidup', 'A', 'WNA', '3511789697892339', 'ktp.jpg', '822d9bdc-6f75-494c-a06e-e1402c3f01a7', 'Danamon', '3543889689898898', NULL, NULL),
('861a7ab4-d6af-4e83-841f-63f2f3c55584', 'dd69cf27-8bce-4ee0-ba7b-ca37f201f065', 'Ina Wahyuni', 'nalar85@example.net', 'Mojokerto', '1991-12-27', 'bd63ccd1-7e31-42c8-bd5b-783bca160ad8', '3c7838bc-6483-4290-9a1e-fd9c6cacccc3', '08958669899', 'Jalan Mojokerto No. 22', 'Jalan Malang No. 28', 'Hindu', 'Laki-laki', 'Belum Kawin', 'B', 'WNA', '3558554987997695', 'ktp.jpg', '3a25b13d-df3b-4209-8853-8b891ffbb65c', 'BRI', '3538894768891536', NULL, NULL),
('88e3615a-adeb-4c8d-9d67-b29f327007ba', '74381723-46fd-40c4-9660-42cc8b6eec31', 'Natalia Kuswandari', 'mjailani@example.com', 'Sidoarjo', '1987-04-19', 'bd63ccd1-7e31-42c8-bd5b-783bca160ad8', '1d09f1ef-565b-4a7f-8de3-4fce5ebc2192', '08425759798', 'Jalan Malang No. 8', 'Jalan Malang No. 28', 'Katolik', 'Laki-laki', 'Cerai Hidup', 'O', 'WNI', '3509365667899478', 'ktp.jpg', '218a8046-13da-4ad7-9c69-245c8ffe6aba', 'Mega', '3581984898892258', NULL, NULL),
('8a9f1ebc-b744-4923-a617-6461be032972', '6daa6c88-4248-4e79-bd68-cf35fcf6bde8', 'Kanda Eja Marpaung', 'edi.hasanah@example.com', 'Mojokerto', '1987-07-11', 'bd63ccd1-7e31-42c8-bd5b-783bca160ad8', '3c7838bc-6483-4290-9a1e-fd9c6cacccc3', '08749695799', 'Jalan Sidoarjo No. 83', 'Jalan Mojokerto No. 51', 'Budha', 'Laki-laki', 'Kawin', 'A', 'WNI', '3551374997992759', 'ktp.jpg', 'bec5dd07-a4e0-4414-b664-0f19b4290482', 'OCBC', '3566694797999495', NULL, NULL),
('8c815a96-6541-4b33-b7f4-e087ddd3c330', 'e62c5b3d-70b7-4263-bed8-3dcf05eb6c8f', 'Irma Namaga M.Farm', 'vega44@example.org', 'Sidoarjo', '1992-06-24', 'bd63ccd1-7e31-42c8-bd5b-783bca160ad8', '1d09f1ef-565b-4a7f-8de3-4fce5ebc2192', '08935977998', 'Jalan Mojokerto No. 22', 'Jalan Surabaya No. 23', 'Hindu', 'Laki-laki', 'Kawin', 'O', 'WNI', '3562787977996544', 'ktp.jpg', '3a25b13d-df3b-4209-8853-8b891ffbb65c', 'BTN', '3505849877999536', NULL, NULL),
('8f8f08ff-fd43-4185-a9c2-a7b2eb3a01c8', '35957c93-d1dc-4c79-a185-931e328ac56d', 'Gada Ardianto', 'ulya.oktaviani@example.org', 'Malang', '1999-02-06', 'bd63ccd1-7e31-42c8-bd5b-783bca160ad8', '3c7838bc-6483-4290-9a1e-fd9c6cacccc3', '08699947888', 'Jalan Mojokerto No. 22', 'Jalan Surabaya No. 23', 'Kristen', 'Perempuan', 'Belum Kawin', 'B', 'WNA', '3518596679898835', 'ktp.jpg', 'a7f85fd3-c8fb-4530-b395-77907b2c0115', 'BNI', '3595694779896934', NULL, NULL),
('940ba837-5ace-463a-a8a3-d8800a215cbf', 'bea1a1bf-af38-4c01-ab80-0d056d02156d', 'Pranata Uwais', 'prastuti.tira@example.com', 'Sidoarjo', '1987-10-10', 'bd63ccd1-7e31-42c8-bd5b-783bca160ad8', '1d09f1ef-565b-4a7f-8de3-4fce5ebc2192', '08018897789', 'Jalan Sidoarjo No. 83', 'Jalan Mojokerto No. 51', 'Katolik', 'Perempuan', 'Kawin', 'A', 'WNA', '3592946568897898', 'ktp.jpg', '14f5505b-c2d2-4b89-8901-818407e7cd0e', 'BRI', '3584648978995447', NULL, NULL),
('951469d8-eeac-4c88-a2d4-e56692788890', 'b41b6c77-c2c4-4541-8632-202f3db75fc1', 'Purwanto Prasasta', 'bala.oktaviani@example.net', 'Malang', '1999-04-30', 'bd63ccd1-7e31-42c8-bd5b-783bca160ad8', '3c7838bc-6483-4290-9a1e-fd9c6cacccc3', '08312489879', 'Jalan Malang No. 8', 'Jalan Mojokerto No. 51', 'Hindu', 'Perempuan', 'Belum Kawin', 'B', 'WNI', '3551384769898478', 'ktp.jpg', 'f2c4e52b-c6ac-473f-b310-d79db8250c18', 'Danamon', '3586246888898535', NULL, NULL),
('95385832-8d2b-4def-8564-6101dce57c17', 'f8ceb12c-9cea-4fb9-8d9d-f4671ebfaeb0', 'Lidya Kasiyah Namaga S.T.', 'bancar43@example.com', 'Malang', '1996-04-11', 'bd63ccd1-7e31-42c8-bd5b-783bca160ad8', '3c7838bc-6483-4290-9a1e-fd9c6cacccc3', '08213475888', 'Jalan Sidoarjo No. 83', 'Jalan Sidoarjo No. 18', 'Konghucu', 'Perempuan', 'Cerai Mati', 'AB', 'WNA', '3506868768891339', 'ktp.jpg', '88fbb3bc-b643-458d-a360-ccd494370e55', 'OCBC', '3548447889998588', NULL, NULL),
('96f56be8-2142-4365-afec-f8342860b270', '66f43b30-fed1-435e-963a-a042ffab2644', 'Wirda Karen Wijayanti', 'wahyudin.taswir@example.net', 'Malang', '1997-04-10', 'bd63ccd1-7e31-42c8-bd5b-783bca160ad8', '3c7838bc-6483-4290-9a1e-fd9c6cacccc3', '08916399988', 'Jalan Surabaya No. 21', 'Jalan Malang No. 28', 'Budha', 'Perempuan', 'Kawin', 'A', 'WNA', '3555467977993487', 'ktp.jpg', 'ea85c650-551e-4d1d-91a0-4505e71610dd', 'BRI', '3551496979893659', NULL, NULL),
('9a70ca43-0fd4-44d4-95e9-9e10a742767e', 'c8eac91b-0fe1-46a4-a0f2-8ba5350975ce', 'Gabriella Nurdiyanti', 'dpradipta@example.net', 'Sidoarjo', '1998-08-18', 'bd63ccd1-7e31-42c8-bd5b-783bca160ad8', '3c7838bc-6483-4290-9a1e-fd9c6cacccc3', '08742697889', 'Jalan Surabaya No. 21', 'Jalan Mojokerto No. 51', 'Katolik', 'Perempuan', 'Cerai Mati', 'B', 'WNA', '3522449878894696', 'ktp.jpg', '82ef6010-3217-451a-9bde-cf42da0e9ea6', 'BRI', '3549535789996445', NULL, NULL),
('9b8e4986-8356-46cb-84c6-8d82ad71fcdf', '9b8e4986-749f-4da7-973a-6dc9c58d5aa5', 'Reyhan', 'reyhan@gmail.com', 'Malang', '2001-02-14', 'bd63ccd1-7e31-42c8-bd5b-783bca160ad8', '1d09f1ef-565b-4a7f-8de3-4fce5ebc2192', '082231954144', 'Kapiminda, 07/17, Mangliawan, Pakis, Malang, Jawa Timur', 'Kapiminda, 07/17, Mangliawan, Pakis, Malang, Jawa Timur', 'Islam', 'laki-laki', 'Belum Kawin', 'A', 'WNI', '1234567890123476', 'lucu.JPG', '1b3422cd-dca5-4bf0-8492-a4430811b5fe', 'BCA', '1234567890', '2024-03-13 11:23:32', '2024-03-13 11:23:32'),
('9b8e4aec-999f-4097-a80c-98437b4e3737', '9b8e4aec-91b6-4329-a34e-7b1e255def74', 'Muhammad Iqbal', 'iqbal@gmail.com', 'Malang', '2001-03-31', 'bd63ccd1-7e31-42c8-bd5b-783bca160ad8', '3c7838bc-6483-4290-9a1e-fd9c6cacccc3', '082231954142', 'Ikan Pindang, 11/03, Wonorejo, Pujon, Malang, Jawa Timur', 'Ikan Pindang, 11/03, Wonorejo, Pujon, Malang, Jawa Timur', 'Islam', 'laki-laki', 'Belum Kawin', 'B', 'WNI', '1234567890123472', 'ktp.jpg', '7be7a357-ae5c-49f9-8fea-c00e7481d648', 'BRI', '1234567899', '2024-03-13 11:27:26', '2024-03-13 11:27:26'),
('9d076c78-e602-4d27-9f20-d4622789d979', '2470c131-e1c9-44a9-af74-13b7bcb3eea3', 'Daru Pangestu', 'talia94@example.net', 'Mojokerto', '1988-12-09', 'bd63ccd1-7e31-42c8-bd5b-783bca160ad8', '1d09f1ef-565b-4a7f-8de3-4fce5ebc2192', '08637478988', 'Jalan Sidoarjo No. 83', 'Jalan Surabaya No. 23', 'Islam', 'Laki-laki', 'Cerai Hidup', 'A', 'WNI', '3544454769992248', 'ktp.jpg', '7f239828-5230-4b1e-95ab-e05a37cea08a', 'Danamon', '3517964669898374', NULL, NULL),
('a2f4896c-1b0d-43e5-a1dc-620cc977e700', 'f10cac15-5171-4497-8eb1-d9395b6d39f5', 'Hardi Zulkarnain', 'ikin.mulyani@example.org', 'Mojokerto', '1999-06-05', 'bd63ccd1-7e31-42c8-bd5b-783bca160ad8', '3c7838bc-6483-4290-9a1e-fd9c6cacccc3', '08843345799', 'Jalan Sidoarjo No. 83', 'Jalan Surabaya No. 23', 'Hindu', 'Perempuan', 'Cerai Hidup', 'AB', 'WNI', '3574897598896479', 'ktp.jpg', '20b14019-10ca-477e-add5-ad1573ff436f', 'BRI', '3583394677899779', NULL, NULL),
('a46c2879-61bc-41ef-8ab4-5a690f832490', '318edd9d-bb61-4f66-9ff2-4bb29e2d59a2', 'Ibrahim Cemeti Permadi S.H.', 'jane.salahudin@example.net', 'Mojokerto', '1987-09-22', 'bd63ccd1-7e31-42c8-bd5b-783bca160ad8', '1d09f1ef-565b-4a7f-8de3-4fce5ebc2192', '08745895889', 'Jalan Malang No. 8', 'Jalan Sidoarjo No. 18', 'Kristen', 'Perempuan', 'Cerai Mati', 'A', 'WNA', '3533777769994654', 'ktp.jpg', '9e063a13-5359-485a-94a9-48a8f01b6c19', 'BCA', '3516999569996235', NULL, NULL),
('a557f4f4-1574-4dd5-8199-b8d58cfffe0f', '038bca56-186c-4607-aa6d-27f167a0060d', 'Victoria Wahyuni', 'pudjiastuti.wahyu@example.net', 'Mojokerto', '1994-09-04', 'bd63ccd1-7e31-42c8-bd5b-783bca160ad8', '3c7838bc-6483-4290-9a1e-fd9c6cacccc3', '08165677889', 'Jalan Mojokerto No. 22', 'Jalan Surabaya No. 23', 'Budha', 'Laki-laki', 'Cerai Mati', 'A', 'WNA', '3544854689896974', 'ktp.jpg', '1b3422cd-dca5-4bf0-8492-a4430811b5fe', 'BCA', '3565649997999344', NULL, NULL),
('a59d773e-8e2a-42e4-b573-805f66515f46', 'a8b6d0b3-1e59-48d4-b2ce-26c5693fc71d', 'Balangga Sitorus M.M.', 'susanti.kairav@example.net', 'Malang', '2000-01-07', 'bd63ccd1-7e31-42c8-bd5b-783bca160ad8', '1d09f1ef-565b-4a7f-8de3-4fce5ebc2192', '08958768798', 'Jalan Mojokerto No. 22', 'Jalan Sidoarjo No. 18', 'Budha', 'Laki-laki', 'Kawin', 'B', 'WNI', '3521265587992749', 'ktp.jpg', 'ff405113-7461-45e1-b522-662f326a63df', 'OCBC', '3599834879894964', NULL, NULL),
('abc76b96-4a41-4fc1-a8a4-3119266c4c95', '260a714a-5dd7-40c3-b3e0-8ac1a42b8a29', 'Prabawa Prasasta', 'rrahmawati@example.com', 'Mojokerto', '1995-04-18', 'bd63ccd1-7e31-42c8-bd5b-783bca160ad8', '3c7838bc-6483-4290-9a1e-fd9c6cacccc3', '08479459799', 'Jalan Mojokerto No. 22', 'Jalan Sidoarjo No. 18', 'Katolik', 'Laki-laki', 'Cerai Mati', 'AB', 'WNI', '3516878678896459', 'ktp.jpg', 'fbc5d0fb-7c00-40df-b011-ae2401b7b48b', 'BRI', '3514646669993836', NULL, NULL),
('ae824c39-6ed8-44a7-956e-67c3cb92d155', 'c5954db0-7085-48d8-b827-f8feb56c12f3', 'Dina Rahayu', 'rahimah.cemplunk@example.org', 'Surabaya', '1993-11-05', 'bd63ccd1-7e31-42c8-bd5b-783bca160ad8', '1d09f1ef-565b-4a7f-8de3-4fce5ebc2192', '08693789679', 'Jalan Surabaya No. 21', 'Jalan Sidoarjo No. 18', 'Konghucu', 'Laki-laki', 'Kawin', 'O', 'WNA', '3564344579997788', 'ktp.jpg', '136b7453-93b5-4555-b827-da5a7331de8a', 'OCBC', '3582938998995675', NULL, NULL),
('b52858a4-952b-43bb-89e0-089983adc432', 'b668ead9-c077-48fe-8301-55e02bb75650', 'Marsito Suwarno', 'hari.pratama@example.com', 'Malang', '1994-03-19', 'bd63ccd1-7e31-42c8-bd5b-783bca160ad8', '3c7838bc-6483-4290-9a1e-fd9c6cacccc3', '08744678788', 'Jalan Mojokerto No. 22', 'Jalan Surabaya No. 23', 'Islam', 'Laki-laki', 'Cerai Hidup', 'O', 'WNA', '3552847777996896', 'ktp.jpg', '825c2605-739f-4c21-835a-51c0f084b16e', 'CIMB', '3521838588894839', NULL, NULL),
('b6e7f2e2-3ab0-48dd-bcc3-e093703daf10', '1aa54524-7a87-48da-a85b-4f1a8570a175', 'Mursinin Maheswara', 'mustofa.ade@example.com', 'Mojokerto', '1989-03-03', 'bd63ccd1-7e31-42c8-bd5b-783bca160ad8', '1d09f1ef-565b-4a7f-8de3-4fce5ebc2192', '08043389988', 'Jalan Surabaya No. 21', 'Jalan Sidoarjo No. 18', 'Konghucu', 'Laki-laki', 'Kawin', 'B', 'WNI', '3593854668994936', 'ktp.jpg', '081e3448-12bb-42ce-bf01-f1ebe30b8772', 'Permata', '3528475587995456', NULL, NULL),
('b748483b-af6f-4a29-ae04-0843d3537f31', '37ee5d43-a2bc-4218-94c0-2b0ba383b561', 'Ophelia Pudjiastuti S.Farm', 'najmudin.uda@example.com', 'Malang', '1985-09-05', 'bd63ccd1-7e31-42c8-bd5b-783bca160ad8', '3c7838bc-6483-4290-9a1e-fd9c6cacccc3', '08898566889', 'Jalan Surabaya No. 21', 'Jalan Surabaya No. 23', 'Budha', 'Perempuan', 'Cerai Hidup', 'B', 'WNI', '3567798679992355', 'ktp.jpg', '5b40ba82-83c8-421b-8d84-d4b4ef104a56', 'BTN', '3502597699894736', NULL, NULL),
('ba0c12e6-cfa3-4469-b4b1-6935e0f74e86', 'b0afe573-5647-4450-bf67-3c42904d9719', 'Niyaga Sinaga S.Pd', 'hendra33@example.net', 'Mojokerto', '2000-06-26', 'bd63ccd1-7e31-42c8-bd5b-783bca160ad8', '3c7838bc-6483-4290-9a1e-fd9c6cacccc3', '08824779879', 'Jalan Sidoarjo No. 83', 'Jalan Malang No. 28', 'Budha', 'Laki-laki', 'Cerai Hidup', 'O', 'WNI', '3589284599998766', 'ktp.jpg', 'c5995939-219c-4023-aa1d-a31740d67fc8', 'BRI', '3538598568891356', NULL, NULL),
('bae93e02-08f4-457d-ba76-c1ffac90d11e', '12ac1011-3a28-4088-aa38-77d6dfd66447', 'Ozy Ramadan', 'ulva48@example.org', 'Mojokerto', '2001-11-24', 'bd63ccd1-7e31-42c8-bd5b-783bca160ad8', '3c7838bc-6483-4290-9a1e-fd9c6cacccc3', '08843899899', 'Jalan Mojokerto No. 22', 'Jalan Sidoarjo No. 18', 'Hindu', 'Laki-laki', 'Cerai Mati', 'A', 'WNA', '3592436598894634', 'ktp.jpg', '01c43116-dccf-43c2-bc3d-3cdb0369d296', 'OCBC', '3503695869898386', NULL, NULL),
('c12a7702-ef25-4b9e-86a8-414532011ada', '0bd1110e-b440-46e6-847a-379aa1044698', 'Tami Malika Hariyah', 'hardiansyah.tri@example.com', 'Surabaya', '1985-12-19', 'bd63ccd1-7e31-42c8-bd5b-783bca160ad8', '3c7838bc-6483-4290-9a1e-fd9c6cacccc3', '08415569978', 'Jalan Malang No. 8', 'Jalan Sidoarjo No. 18', 'Islam', 'Laki-laki', 'Cerai Mati', 'O', 'WNI', '3512954767897784', 'ktp.jpg', '88fbb3bc-b643-458d-a360-ccd494370e55', 'BRI', '3519466898997499', NULL, NULL),
('c2452e61-c825-4492-b422-d9a99f4a0899', '0bc19c2f-61c1-4dcf-aa17-99133b63a0f3', 'Silvia Jessica Handayani S.E.', 'jaeman.nasyidah@example.com', 'Mojokerto', '1990-10-08', 'bd63ccd1-7e31-42c8-bd5b-783bca160ad8', '1d09f1ef-565b-4a7f-8de3-4fce5ebc2192', '08538755788', 'Jalan Sidoarjo No. 83', 'Jalan Malang No. 28', 'Islam', 'Perempuan', 'Cerai Mati', 'O', 'WNI', '3597574997995696', 'ktp.jpg', '136b7453-93b5-4555-b827-da5a7331de8a', 'BNI', '3504868877993264', NULL, NULL),
('c618c7da-7fd6-41f2-96d4-fddfe616808b', 'd57c8aa0-f125-4b54-b41d-07904348b7b0', 'Amalia Tari Wulandari', 'onasyiah@example.org', 'Sidoarjo', '1992-12-01', 'bd63ccd1-7e31-42c8-bd5b-783bca160ad8', '3c7838bc-6483-4290-9a1e-fd9c6cacccc3', '08153345778', 'Jalan Mojokerto No. 22', 'Jalan Surabaya No. 23', 'Hindu', 'Perempuan', 'Kawin', 'A', 'WNA', '3521964968896659', 'ktp.jpg', '726b3d7b-ce24-44d9-a033-941e1ceea3af', 'BRI', '3588446688997398', NULL, NULL),
('c8c6604f-241e-4ead-902c-67f0c5fd25eb', 'ab589289-0124-4b0b-8251-9cccefdbf42e', 'Ana Oktaviani', 'capa.marbun@example.net', 'Mojokerto', '1999-08-05', 'bd63ccd1-7e31-42c8-bd5b-783bca160ad8', '1d09f1ef-565b-4a7f-8de3-4fce5ebc2192', '08146695678', 'Jalan Surabaya No. 21', 'Jalan Sidoarjo No. 18', 'Hindu', 'Laki-laki', 'Kawin', 'B', 'WNA', '3596886767895756', 'ktp.jpg', '2db1f806-741b-45e1-9d5f-c17050009301', 'OCBC', '3525989968893494', NULL, NULL),
('c9655b9d-5c03-41e4-a2ee-1bac381d6125', '9f77ef8e-cb0e-45e1-af96-294ce66eea89', 'Gandi Budiyanto M.Farm', 'latupono.vivi@example.net', 'Surabaya', '1986-02-25', 'bd63ccd1-7e31-42c8-bd5b-783bca160ad8', '1d09f1ef-565b-4a7f-8de3-4fce5ebc2192', '08847855788', 'Jalan Malang No. 8', 'Jalan Mojokerto No. 51', 'Katolik', 'Laki-laki', 'Cerai Hidup', 'AB', 'WNA', '3527354788995686', 'ktp.jpg', '081e3448-12bb-42ce-bf01-f1ebe30b8772', 'OCBC', '3532397799893576', NULL, NULL),
('cbfd30be-3dab-431d-a35e-957ceab8dd50', '33cd049f-6304-4009-b96c-68f082c2f2b9', 'Jamalia Novitasari S.Farm', 'vjailani@example.net', 'Sidoarjo', '1990-09-18', 'bd63ccd1-7e31-42c8-bd5b-783bca160ad8', '3c7838bc-6483-4290-9a1e-fd9c6cacccc3', '08797969688', 'Jalan Sidoarjo No. 83', 'Jalan Sidoarjo No. 18', 'Islam', 'Laki-laki', 'Cerai Mati', 'B', 'WNA', '3556588998896775', 'ktp.jpg', '573902b3-4403-4c7c-aeb4-492a73cdc6bc', 'CIMB', '3586298677899258', NULL, NULL),
('d2f96d60-5c67-4d59-b744-c3d230665021', '004035ef-cab7-47c7-97b8-71232b3803eb', 'Karsa Nababan', 'maya.maryadi@example.net', 'Mojokerto', '1987-10-02', 'bd63ccd1-7e31-42c8-bd5b-783bca160ad8', '1d09f1ef-565b-4a7f-8de3-4fce5ebc2192', '08567786988', 'Jalan Sidoarjo No. 83', 'Jalan Malang No. 28', 'Islam', 'Perempuan', 'Cerai Mati', 'O', 'WNA', '3537379968892344', 'ktp.jpg', '6b9dbf49-ba29-408a-a607-0d9abf063694', 'OCBC', '3553495588892544', NULL, NULL),
('d38a82a6-a086-43b2-b46b-5772b00aee92', '8f9e5bd4-c0a0-4d4f-8dda-be9ab6bc66f4', 'Tami Suartini', 'sihombing.paulin@example.com', 'Mojokerto', '1987-07-23', 'bd63ccd1-7e31-42c8-bd5b-783bca160ad8', '3c7838bc-6483-4290-9a1e-fd9c6cacccc3', '08452496679', 'Jalan Sidoarjo No. 83', 'Jalan Malang No. 28', 'Konghucu', 'Perempuan', 'Kawin', 'A', 'WNI', '3517756798897766', 'ktp.jpg', '913c326a-a6e0-47f9-bab1-6fd1be4619f8', 'Permata', '3544244778898276', NULL, NULL),
('d61ac827-b882-4ff5-9c72-4cf01b8a7e72', '033c8347-1e81-4d72-814b-34589641b06d', 'Eluh Unggul Simanjuntak', 'gasti.pertiwi@example.org', 'Mojokerto', '1995-09-08', 'bd63ccd1-7e31-42c8-bd5b-783bca160ad8', '1d09f1ef-565b-4a7f-8de3-4fce5ebc2192', '08184656699', 'Jalan Mojokerto No. 22', 'Jalan Surabaya No. 23', 'Islam', 'Laki-laki', 'Cerai Hidup', 'AB', 'WNI', '3598659878993885', 'ktp.jpg', '1b40e10a-800e-4b24-9385-56c700380b8a', 'Danamon', '3556777878999395', NULL, NULL),
('dba5a106-39ff-4512-9e31-f058d864a33b', '8aa89bbf-2f73-4900-be17-8604dcd9a970', 'Anastasia Nasyidah', 'jane43@example.com', 'Surabaya', '1988-02-20', 'bd63ccd1-7e31-42c8-bd5b-783bca160ad8', '1d09f1ef-565b-4a7f-8de3-4fce5ebc2192', '08195878779', 'Jalan Surabaya No. 21', 'Jalan Malang No. 28', 'Konghucu', 'Laki-laki', 'Cerai Mati', 'AB', 'WNI', '3529974778995697', 'ktp.jpg', '66288e60-fcf4-4dba-8dd3-4f8750906aa9', 'Danamon', '3581859579893969', NULL, NULL),
('de428d85-4928-46a4-956f-87f0e4b3642d', 'b6f3bdce-e095-4bb2-a237-16c9c4f7644d', 'Azalea Eli Prastuti', 'hwaskita@example.net', 'Surabaya', '2001-10-14', 'bd63ccd1-7e31-42c8-bd5b-783bca160ad8', '1d09f1ef-565b-4a7f-8de3-4fce5ebc2192', '08455347979', 'Jalan Mojokerto No. 22', 'Jalan Mojokerto No. 51', 'Katolik', 'Perempuan', 'Cerai Hidup', 'A', 'WNA', '3583459789999974', 'ktp.jpg', '382391d8-f689-44b5-b2dd-a621a50d0a01', 'Mandiri', '3538646897893588', NULL, NULL),
('e5ca0330-0d51-4a84-b8c1-3f1a092d60e2', '09195701-84b3-4bc3-a177-43879ad445c0', 'Tirta Pradipta', 'sabrina54@example.org', 'Sidoarjo', '1990-09-23', 'bd63ccd1-7e31-42c8-bd5b-783bca160ad8', '1d09f1ef-565b-4a7f-8de3-4fce5ebc2192', '08078598688', 'Jalan Sidoarjo No. 83', 'Jalan Mojokerto No. 51', 'Katolik', 'Laki-laki', 'Cerai Hidup', 'O', 'WNI', '3579954568891479', 'ktp.jpg', '88fbb3bc-b643-458d-a360-ccd494370e55', 'CIMB', '3573377798894264', NULL, NULL),
('e6538b58-ad8d-4972-82de-6f79c0fcc018', '636a01fc-d188-436c-adbd-e54115536215', 'Mila Zulaikha Usada S.Kom', 'hardiansyah.silvia@example.org', 'Sidoarjo', '1995-02-25', 'bd63ccd1-7e31-42c8-bd5b-783bca160ad8', '1d09f1ef-565b-4a7f-8de3-4fce5ebc2192', '08318469778', 'Jalan Surabaya No. 21', 'Jalan Sidoarjo No. 18', 'Islam', 'Perempuan', 'Cerai Mati', 'O', 'WNA', '3518664769897736', 'ktp.jpg', 'cdd69822-7f45-4220-a74e-908307c862ca', 'BNI', '3542838798892258', NULL, NULL),
('e8ff038a-4ca4-4cd0-8b87-af61dcd47857', '40c19567-3bdd-4d9c-bbb5-7b66d3d56ac0', 'Gaman Mahendra', 'wastuti.indah@example.net', 'Surabaya', '1985-09-24', 'bd63ccd1-7e31-42c8-bd5b-783bca160ad8', '3c7838bc-6483-4290-9a1e-fd9c6cacccc3', '08242995788', 'Jalan Mojokerto No. 22', 'Jalan Malang No. 28', 'Katolik', 'Laki-laki', 'Belum Kawin', 'O', 'WNI', '3516496797998366', 'ktp.jpg', 'a18e2b10-518e-434d-b024-fcd1ae68d1fb', 'CIMB', '3556296687899284', NULL, NULL),
('e9263c18-4c7a-443c-b337-220f1b8b6d15', 'cfedc5e9-bc6b-48d2-8098-bbeb66f2713e', 'Karja Wasita', 'zkuswandari@example.com', 'Surabaya', '1994-05-02', 'bd63ccd1-7e31-42c8-bd5b-783bca160ad8', '1d09f1ef-565b-4a7f-8de3-4fce5ebc2192', '08774359788', 'Jalan Sidoarjo No. 83', 'Jalan Malang No. 28', 'Konghucu', 'Laki-laki', 'Cerai Hidup', 'O', 'WNI', '3518659987992339', 'ktp.jpg', 'bf0b988e-50cd-4d97-a880-ba0278ae3c1c', 'OCBC', '3589348697893394', NULL, NULL),
('e92a0535-0cb0-479b-ae21-ba306242c7e2', '9627b9e8-d826-40de-9381-f9431c58cce0', 'Kenari Putra', 'elisa.ramadan@example.org', 'Malang', '1993-06-09', 'bd63ccd1-7e31-42c8-bd5b-783bca160ad8', '3c7838bc-6483-4290-9a1e-fd9c6cacccc3', '08827875989', 'Jalan Sidoarjo No. 83', 'Jalan Mojokerto No. 51', 'Islam', 'Laki-laki', 'Cerai Mati', 'O', 'WNI', '3526834579891675', 'ktp.jpg', '82ef6010-3217-451a-9bde-cf42da0e9ea6', 'BTN', '3584288779894444', NULL, NULL),
('ea16d0bc-1a29-44bb-82f6-74707ebfb4ee', 'd4055370-b1e4-44b5-90f3-6845593a18d6', 'Rahmi Hassanah M.Kom.', 'wani.halimah@example.org', 'Surabaya', '1998-09-06', 'bd63ccd1-7e31-42c8-bd5b-783bca160ad8', '1d09f1ef-565b-4a7f-8de3-4fce5ebc2192', '08252746688', 'Jalan Surabaya No. 21', 'Jalan Sidoarjo No. 18', 'Kristen', 'Perempuan', 'Kawin', 'A', 'WNI', '3598374667892745', 'ktp.jpg', '808ea6ac-877e-4767-96d4-166378b0e7a5', 'BCA', '3575298899891549', NULL, NULL),
('eb978f42-a0ef-41ff-ad83-25b788f50bc5', '138339ac-91fe-4d1c-8c1f-b16481c4e8d4', 'Bagya Tampubolon', 'suci63@example.com', 'Malang', '1992-11-06', 'bd63ccd1-7e31-42c8-bd5b-783bca160ad8', '3c7838bc-6483-4290-9a1e-fd9c6cacccc3', '08054965978', 'Jalan Malang No. 8', 'Jalan Mojokerto No. 51', 'Katolik', 'Laki-laki', 'Kawin', 'AB', 'WNI', '3527694779991967', 'ktp.jpg', 'f507a356-e7e4-41e4-9102-4198f7ce44a1', 'BTN', '3584859668892698', NULL, NULL),
('f4edce16-e16c-4104-ba99-601db7041238', '0ecfd577-76c1-4ce6-8c8f-dcd9ed441339', 'Wira Pangestu Prasasta', 'zizi09@example.net', 'Sidoarjo', '1993-04-20', 'bd63ccd1-7e31-42c8-bd5b-783bca160ad8', '1d09f1ef-565b-4a7f-8de3-4fce5ebc2192', '08918459898', 'Jalan Mojokerto No. 22', 'Jalan Surabaya No. 23', 'Konghucu', 'Perempuan', 'Cerai Mati', 'AB', 'WNA', '3553789668894959', 'ktp.jpg', '92a27f8e-6549-4631-b853-144b50dca9ab', 'BTN', '3599377799898269', NULL, NULL),
('f907110f-6e10-4c31-9512-fd599d6f524a', 'f74240cb-7d05-418c-835d-dd30d2b4a2a7', 'Umar Galar Prakasa S.Ked', 'gandewa63@example.net', 'Mojokerto', '1988-08-27', 'bd63ccd1-7e31-42c8-bd5b-783bca160ad8', '3c7838bc-6483-4290-9a1e-fd9c6cacccc3', '08087977889', 'Jalan Malang No. 8', 'Jalan Surabaya No. 23', 'Konghucu', 'Laki-laki', 'Kawin', 'AB', 'WNA', '3586675997897289', 'ktp.jpg', '51f20825-fce5-4338-93c8-548932687f84', 'BCA', '3581855698893799', NULL, NULL),
('fad3666c-80e8-4a55-9e20-1f11ecc2833f', 'bccfbd22-afcd-482e-8fdb-a14547fe4197', 'Cakrabirawa Dongoran', 'novi18@example.com', 'Surabaya', '1999-06-20', 'bd63ccd1-7e31-42c8-bd5b-783bca160ad8', '3c7838bc-6483-4290-9a1e-fd9c6cacccc3', '08398698688', 'Jalan Surabaya No. 21', 'Jalan Malang No. 28', 'Katolik', 'Perempuan', 'Belum Kawin', 'A', 'WNI', '3574298688891447', 'ktp.jpg', '315aecd8-f3f2-46cd-8834-3e44cdc289bb', 'Permata', '3527556898892574', NULL, NULL),
('fd620cc7-ed42-420d-b6f2-0eac3103c382', 'a38a11d4-cb38-4dbd-8389-16126c9aede4', 'Hesti Susanti', 'uhasanah@example.com', 'Sidoarjo', '1986-12-05', 'bd63ccd1-7e31-42c8-bd5b-783bca160ad8', '3c7838bc-6483-4290-9a1e-fd9c6cacccc3', '08699975998', 'Jalan Mojokerto No. 22', 'Jalan Malang No. 28', 'Konghucu', 'Perempuan', 'Cerai Mati', 'B', 'WNI', '3557479889896244', 'ktp.jpg', 'eb802b5d-59f1-464b-80aa-cc030d29795e', 'Mandiri', '3566469678994397', NULL, NULL),
('fdfed52e-4a20-45f8-990b-0e7bfbfcebbd', 'f3d57221-3920-43e2-93d6-f80dcd20cc38', 'Raina Ajeng Susanti S.IP', 'salahudin.opung@example.com', 'Sidoarjo', '1985-08-04', 'bd63ccd1-7e31-42c8-bd5b-783bca160ad8', '3c7838bc-6483-4290-9a1e-fd9c6cacccc3', '08479599679', 'Jalan Malang No. 8', 'Jalan Malang No. 28', 'Kristen', 'Laki-laki', 'Kawin', 'O', 'WNI', '3508376598892884', 'ktp.jpg', 'cdd69822-7f45-4220-a74e-908307c862ca', 'Permata', '3509769788899849', NULL, NULL),
('fe5123b9-f584-4314-bd71-52f636a04e60', '864182da-d7d4-4070-bb99-055b67f7b5ea', 'Manah Hidayat', 'latupono.usman@example.com', 'Sidoarjo', '1995-06-04', 'bd63ccd1-7e31-42c8-bd5b-783bca160ad8', '1d09f1ef-565b-4a7f-8de3-4fce5ebc2192', '08034957898', 'Jalan Malang No. 8', 'Jalan Sidoarjo No. 18', 'Budha', 'Perempuan', 'Cerai Mati', 'B', 'WNA', '3582346567996336', 'ktp.jpg', '6dfa3b84-2fc8-4283-a58c-47d72b944fd5', 'Danamon', '3501434898896659', NULL, NULL),
('ff56f4f3-73f8-4c9f-b2c9-7db37b12a599', 'b5e49b6f-d91d-4087-9bd3-baaa3c6fcc1e', 'Soleh Wasita M.Farm', 'jumadi.rajasa@example.net', 'Malang', '2001-07-19', 'bd63ccd1-7e31-42c8-bd5b-783bca160ad8', '3c7838bc-6483-4290-9a1e-fd9c6cacccc3', '08584786899', 'Jalan Sidoarjo No. 83', 'Jalan Mojokerto No. 51', 'Kristen', 'Laki-laki', 'Kawin', 'B', 'WNI', '3506777688894466', 'ktp.jpg', 'a18e2b10-518e-434d-b024-fcd1ae68d1fb', 'BTN', '3576859597993855', NULL, NULL);

INSERT INTO `families` (`id`, `id_karyawan`, `no_kk`, `kepala_keluarga`, `alamat`, `rt/rw`, `desa/kelurahan`, `kecamatan`, `kabupaten/kota`, `kode_pos`, `provinsi`, `foto_kk`, `created_at`, `updated_at`) VALUES
('9b8e4986-86f5-44be-adfe-7a0dc2697dd0', '9b8e4986-8356-46cb-84c6-8d82ad71fcdf', '1234567890123412', 'Sholikin', 'Kapiminda', '07/17', 'Mangliawan', 'Pakis', 'Malang', '65154', 'Jawa Timur', 'internship schedule.jpg', '2024-03-13 18:23:32', '2024-03-13 18:23:32'),
('9b8e4aec-9d01-49a2-bdca-498867b137e1', '9b8e4aec-999f-4097-a80c-98437b4e3737', '1234544890123492', 'Micin', 'Suhat', '12/09', 'Kedungkandang', 'Pakisjajar', 'Malang', '65154', 'Jawa Timur', 'jadwal3.JPG', '2024-03-13 18:27:26', '2024-03-13 18:27:26');

INSERT INTO `family_details` (`id`, `id_keluarga`, `nama_lengkap`, `nik`, `jenis_kelamin`, `tempat_lahir`, `tanggal_lahir`, `agama`, `pendidikan`, `id_pekerjaan`, `status_pernikahan`, `hubungan_keluarga`, `kewarganegaraan`, `no_passport`, `no_kitas`, `nama_ayah`, `nama_ibu`, `created_at`, `updated_at`) VALUES
('9b8e4986-898b-45f3-8e4b-564cea974ce3', '9b8e4986-86f5-44be-adfe-7a0dc2697dd0', 'Argo', '1234567890123457', 'laki-laki', 'Malang', '1987-04-09', 'Islam', 'D3', 'ff405113-7461-45e1-b522-662f326a63df', 'Kawin', 'Orang Tua', 'WNI', NULL, NULL, 'Edi', 'Holipah', '2024-03-13 18:23:32', '2024-03-13 18:23:32'),
('9b8e4aec-9f91-45c0-8405-3b31be15060a', '9b8e4aec-9d01-49a2-bdca-498867b137e1', 'Mimin', '1234561190123422', 'laki-laki', 'Malang', '2024-03-30', 'Islam', 'D1', 'ea85c650-551e-4d1d-91a0-4505e71610dd', 'Kawin', 'Orang Tua', 'WNI', NULL, NULL, 'Adi', 'Rachmat', '2024-03-13 18:27:26', '2024-03-13 18:27:26');

INSERT INTO `employment_histories` (`id`, `id_karyawan`, `nama_perusahaan`, `posisi`, `tgl_masuk`, `tgl_keluar`, `created_at`, `updated_at`) VALUES
('9b8e4986-8c11-4dd7-a439-1ba3551377eb', '9b8e4986-8356-46cb-84c6-8d82ad71fcdf', 'ITC', 'Programming', '2024-01-01', '2024-02-29', '2024-03-13 18:23:32', '2024-03-13 18:23:32'),
('9b8e4aec-a0d8-498e-982d-a793cdd3a796', '9b8e4aec-999f-4097-a80c-98437b4e3737', 'ITC', 'Web Dev', '2024-03-01', '2024-03-31', '2024-03-13 18:27:26', '2024-03-13 18:27:26');

INSERT INTO `certificates` (`id`, `id_karyawan`, `file_sertifikat`, `created_at`, `updated_at`) VALUES
('609c4b7d-0e10-4ee7-866d-f19f4ecdeec3', '9b8e4986-8356-46cb-84c6-8d82ad71fcdf', 'bg coding.png', '2024-03-13 18:23:32', '2024-03-13 18:23:32'),
('a3c5728a-4f9d-472d-a0c7-3cb438c188f2', '9b8e4aec-999f-4097-a80c-98437b4e3737', 'datakaryawan.JPG', '2024-03-13 18:27:26', '2024-03-13 18:27:26');

INSERT INTO `employee_salaries` (`id`, `id_karyawan`, `nik_karyawan`, `gaji_pokok`, `asuransi`, `PPH21`, `gaji_bersih`, `created_at`, `updated_at`) VALUES
(1, '9b8e4986-8356-46cb-84c6-8d82ad71fcdf', '1234567890123476', 15000000, 230000, 10000, 14760000, '2024-03-13 18:23:32', '2024-03-13 18:23:32'),
(2, '9b8e4aec-999f-4097-a80c-98437b4e3737', '1234567890123472', 10000000, 20000, 10000, 9970000, '2024-03-13 18:27:26', '2024-03-13 18:27:26');

INSERT INTO `schedules` (`id`, `id_divisi`, `id_posisi`, `periode_mulai`, `periode_selesai`, `jam_masuk`, `jam_pulang`, `created_at`, `updated_at`) VALUES
(1, 'bd63ccd1-7e31-42c8-bd5b-783bca160ad8', '3c7838bc-6483-4290-9a1e-fd9c6cacccc3', '2024-01-01', '2024-01-31', '08:00', '16:00', '2024-04-17 18:52:23', '2024-04-17 18:52:23'),
(2, 'bd63ccd1-7e31-42c8-bd5b-783bca160ad8', '3c7838bc-6483-4290-9a1e-fd9c6cacccc3', '2024-02-01', '2024-02-29', '08:00', '16:00', '2024-04-17 18:52:23', '2024-04-17 18:52:23'),
(3, 'bd63ccd1-7e31-42c8-bd5b-783bca160ad8', '3c7838bc-6483-4290-9a1e-fd9c6cacccc3', '2024-03-01', '2024-03-31', '08:00', '16:00', '2024-04-17 18:52:23', '2024-04-17 18:52:23'),
(4, 'bd63ccd1-7e31-42c8-bd5b-783bca160ad8', '3c7838bc-6483-4290-9a1e-fd9c6cacccc3', '2024-04-01', '2024-04-30', '08:00', '16:00', '2024-04-17 18:52:23', '2024-04-17 18:52:23'),
(5, 'bd63ccd1-7e31-42c8-bd5b-783bca160ad8', '3c7838bc-6483-4290-9a1e-fd9c6cacccc3', '2024-05-01', '2024-05-31', '08:00', '16:00', '2024-04-17 18:52:23', '2024-04-17 18:52:23'),
(6, 'bd63ccd1-7e31-42c8-bd5b-783bca160ad8', '3c7838bc-6483-4290-9a1e-fd9c6cacccc3', '2024-06-01', '2024-06-30', '08:00', '16:00', '2024-04-17 18:52:23', '2024-04-17 18:52:23'),
(7, 'bd63ccd1-7e31-42c8-bd5b-783bca160ad8', '3c7838bc-6483-4290-9a1e-fd9c6cacccc3', '2024-07-01', '2024-07-31', '08:00', '16:00', '2024-04-17 18:52:23', '2024-04-17 18:52:23'),
(8, 'bd63ccd1-7e31-42c8-bd5b-783bca160ad8', '3c7838bc-6483-4290-9a1e-fd9c6cacccc3', '2024-08-01', '2024-08-31', '08:00', '16:00', '2024-04-17 18:52:23', '2024-04-17 18:52:23'),
(9, 'bd63ccd1-7e31-42c8-bd5b-783bca160ad8', '3c7838bc-6483-4290-9a1e-fd9c6cacccc3', '2024-09-01', '2024-09-30', '08:00', '16:00', '2024-04-17 18:52:23', '2024-04-17 18:52:23'),
(10, 'bd63ccd1-7e31-42c8-bd5b-783bca160ad8', '3c7838bc-6483-4290-9a1e-fd9c6cacccc3', '2024-10-01', '2024-10-31', '08:00', '16:00', '2024-04-17 18:52:23', '2024-04-17 18:52:23'),
(11, 'bd63ccd1-7e31-42c8-bd5b-783bca160ad8', '3c7838bc-6483-4290-9a1e-fd9c6cacccc3', '2024-11-01', '2024-11-30', '08:00', '16:00', '2024-04-17 18:52:23', '2024-04-17 18:52:23'),
(12, 'bd63ccd1-7e31-42c8-bd5b-783bca160ad8', '3c7838bc-6483-4290-9a1e-fd9c6cacccc3', '2024-12-01', '2024-12-31', '08:00', '16:00', '2024-04-17 18:52:23', '2024-04-17 18:52:23'),
(13, 'bd63ccd1-7e31-42c8-bd5b-783bca160ad8', '1d09f1ef-565b-4a7f-8de3-4fce5ebc2192', '2024-01-01', '2024-01-31', '08:00', '16:00', '2024-04-17 18:52:23', '2024-04-17 18:52:23'),
(14, 'bd63ccd1-7e31-42c8-bd5b-783bca160ad8', '1d09f1ef-565b-4a7f-8de3-4fce5ebc2192', '2024-02-01', '2024-02-29', '08:00', '16:00', '2024-04-17 18:52:23', '2024-04-17 18:52:23'),
(15, 'bd63ccd1-7e31-42c8-bd5b-783bca160ad8', '1d09f1ef-565b-4a7f-8de3-4fce5ebc2192', '2024-03-01', '2024-03-31', '08:00', '16:00', '2024-04-17 18:52:23', '2024-04-17 18:52:23'),
(16, 'bd63ccd1-7e31-42c8-bd5b-783bca160ad8', '1d09f1ef-565b-4a7f-8de3-4fce5ebc2192', '2024-04-01', '2024-04-30', '08:00', '16:00', '2024-04-17 18:52:23', '2024-04-17 18:52:23'),
(17, 'bd63ccd1-7e31-42c8-bd5b-783bca160ad8', '1d09f1ef-565b-4a7f-8de3-4fce5ebc2192', '2024-05-01', '2024-05-31', '08:00', '16:00', '2024-04-17 18:52:23', '2024-04-17 18:52:23'),
(18, 'bd63ccd1-7e31-42c8-bd5b-783bca160ad8', '1d09f1ef-565b-4a7f-8de3-4fce5ebc2192', '2024-06-01', '2024-06-30', '08:00', '16:00', '2024-04-17 18:52:23', '2024-04-17 18:52:23'),
(19, 'bd63ccd1-7e31-42c8-bd5b-783bca160ad8', '1d09f1ef-565b-4a7f-8de3-4fce5ebc2192', '2024-07-01', '2024-07-31', '08:00', '16:00', '2024-04-17 18:52:23', '2024-04-17 18:52:23'),
(20, 'bd63ccd1-7e31-42c8-bd5b-783bca160ad8', '1d09f1ef-565b-4a7f-8de3-4fce5ebc2192', '2024-08-01', '2024-08-31', '08:00', '16:00', '2024-04-17 18:52:23', '2024-04-17 18:52:23'),
(21, 'bd63ccd1-7e31-42c8-bd5b-783bca160ad8', '1d09f1ef-565b-4a7f-8de3-4fce5ebc2192', '2024-09-01', '2024-09-30', '08:00', '16:00', '2024-04-17 18:52:23', '2024-04-17 18:52:23'),
(22, 'bd63ccd1-7e31-42c8-bd5b-783bca160ad8', '1d09f1ef-565b-4a7f-8de3-4fce5ebc2192', '2024-10-01', '2024-10-31', '08:00', '16:00', '2024-04-17 18:52:23', '2024-04-17 18:52:23'),
(23, 'bd63ccd1-7e31-42c8-bd5b-783bca160ad8', '1d09f1ef-565b-4a7f-8de3-4fce5ebc2192', '2024-11-01', '2024-11-30', '08:00', '16:00', '2024-04-17 18:52:23', '2024-04-17 18:52:23'),
(24, 'bd63ccd1-7e31-42c8-bd5b-783bca160ad8', '1d09f1ef-565b-4a7f-8de3-4fce5ebc2192', '2024-12-01', '2024-12-31', '08:00', '16:00', '2024-04-17 18:52:23', '2024-04-17 18:52:23');

INSERT INTO `employee_schedule` (`id`, `id_karyawan`, `id_jadwal`, `created_at`, `updated_at`) VALUES
(3, '9b8e4aec-999f-4097-a80c-98437b4e3737', 3, '2024-03-13 18:33:04', '2024-03-13 18:33:04'),
(4, '9b8e4aec-999f-4097-a80c-98437b4e3737', 4, '2024-03-13 18:33:17', '2024-03-13 18:33:17'),
(1, '9b8e4986-8356-46cb-84c6-8d82ad71fcdf', 15, '2024-03-13 18:29:41', '2024-03-13 18:29:41'),
(2, '9b8e4986-8356-46cb-84c6-8d82ad71fcdf', 16, '2024-03-13 18:32:34', '2024-03-13 18:32:34');

INSERT INTO `attendances` (`id`, `id_karyawan`, `periode`, `tanggal`, `jam_masuk`, `jam_pulang`, `status`, `keterangan`, `surat_izin`, `created_at`, `updated_at`) VALUES
(1, '9b8e4aec-999f-4097-a80c-98437b4e3737', 'April 2024', '2024-04-22', '10:20:15', '16:01:22', 'Terlambat', NULL, NULL, '2024-04-21 20:20:15', '2024-04-22 02:01:22'),
(2, '9b8e4986-8356-46cb-84c6-8d82ad71fcdf', 'April 2024', '2024-04-23', '08:12:59', '16:00:00', 'Hadir', NULL, NULL, '2024-04-23 19:43:59', '2024-04-23 19:43:59'),
(3, '9b8e4aec-999f-4097-a80c-98437b4e3737', 'April 2024', '2024-04-23', '08:13:37', '16:00:00', 'Hadir', NULL, NULL, '2024-04-23 19:48:37', '2024-04-23 19:48:37'),
(4, '9b8e4986-8356-46cb-84c6-8d82ad71fcdf', 'April 2024', '2024-04-24', '08:05:10', '16:01:46', 'Hadir', NULL, NULL, '2024-04-24 18:05:10', '2024-04-24 02:01:46'),
(5, '9b8e4aec-999f-4097-a80c-98437b4e3737', 'April 2024', '2024-04-24', '15:29:36', '17:30:15', 'Terlambat', NULL, NULL, '2024-04-24 08:29:36', '2024-04-24 10:30:15');

INSERT INTO `job_descriptions` (`id`, `id_divisi`, `id_posisi`, `periode_mulai`, `periode_selesai`, `created_at`, `updated_at`) VALUES
(1, 'bd63ccd1-7e31-42c8-bd5b-783bca160ad8', '1d09f1ef-565b-4a7f-8de3-4fce5ebc2192', '2024-04-01', '2024-04-30', '2024-04-05 23:20:02', '2024-04-05 23:20:02'),
(2, 'bd63ccd1-7e31-42c8-bd5b-783bca160ad8', '1d09f1ef-565b-4a7f-8de3-4fce5ebc2192', '2024-05-01', '2024-05-31', '2024-04-05 23:20:20', '2024-04-05 23:20:20'),
(3, 'bd63ccd1-7e31-42c8-bd5b-783bca160ad8', '1d09f1ef-565b-4a7f-8de3-4fce5ebc2192', '2024-06-01', '2024-06-30', '2024-04-05 23:27:34', '2024-04-05 23:27:34'),
(4, 'bd63ccd1-7e31-42c8-bd5b-783bca160ad8', '3c7838bc-6483-4290-9a1e-fd9c6cacccc3', '2024-04-01', '2024-04-30', '2024-04-05 23:28:07', '2024-04-05 23:28:07'),
(5, 'bd63ccd1-7e31-42c8-bd5b-783bca160ad8', '3c7838bc-6483-4290-9a1e-fd9c6cacccc3', '2024-05-01', '2024-05-31', '2024-04-05 23:28:39', '2024-04-05 23:28:39'),
(6, 'bd63ccd1-7e31-42c8-bd5b-783bca160ad8', '3c7838bc-6483-4290-9a1e-fd9c6cacccc3', '2024-06-01', '2024-06-30', '2024-04-05 23:30:33', '2024-04-05 23:30:33');

INSERT INTO `tasks` (`id`, `id_jobdesc`, `tugas`, `created_at`, `updated_at`) VALUES
(1, 1, 'bersihin laptop', '2024-04-05 23:20:02', '2024-04-05 23:20:02'),
(2, 2, 'bersihin ruangan A', '2024-04-05 23:20:20', '2024-04-05 23:20:20'),
(3, 2, 'bersihin ruangan 10', '2024-04-05 23:20:20', '2024-04-05 23:20:20'),
(4, 3, 'bersihin laptop pak pudir', '2024-04-05 23:27:34', '2024-04-05 23:27:34'),
(5, 3, 'bersihin kantor', '2024-04-05 23:27:34', '2024-04-05 23:27:34'),
(6, 4, 'bersihin laptop saya', '2024-04-05 23:28:07', '2024-04-05 23:28:07'),
(7, 4, 'bersihin kantin dosen', '2024-04-05 23:28:07', '2024-04-05 23:28:07'),
(8, 4, 'pakiran benerin yaa', '2024-04-05 23:28:07', '2024-04-05 23:28:07'),
(9, 5, 'bersihin ruangan ABC', '2024-04-05 23:28:39', '2024-04-05 23:28:39'),
(10, 5, 'bersihin ruang tamu dosen', '2024-04-05 23:28:39', '2024-04-05 23:28:39'),
(11, 6, 'bersihin lapangan', '2024-04-05 23:30:33', '2024-04-05 23:30:33'),
(12, 6, 'bersihin ruang olahraga', '2024-04-05 23:30:33', '2024-04-05 23:30:33'),
(13, 6, 'ruangan studio benerin jendelanya', '2024-04-05 23:30:33', '2024-04-05 23:30:33'),
(14, 6, 'AC tolong benerin', '2024-04-05 23:30:33', '2024-04-05 23:30:33');

INSERT INTO `job_results` (`id`, `id_karyawan`, `id_jobdesc`, `foto`, `keterangan`, `status`, `pemeriksa`, `created_at`, `updated_at`) VALUES
(1, '9b8e4aec-999f-4097-a80c-98437b4e3737', 4, '[\"avatar.png\",\"Use Case Skripsi.drawio.png\",\"Activity Diagram Skripsi.drawio.png\",\"Use Case Skripsi.drawio.png\"]', '<p>sudah pakkk <strong>rill</strong></p>', 'disetujui', 'Pak Firman', '2024-04-22 07:40:41', '2024-04-22 19:59:28'),
(2, '9b8e4aec-999f-4097-a80c-98437b4e3737', 4, '[\"avatar.png\",\"Activity Diagram Skripsi.drawio.png\",\"Use Case Skripsi.drawio.png\",\"Screenshot_20220205_224857.jpg\",\"IMG_20200221_084919.jpg\",\"Foto Ijazah Fix.jpg\",\"34 1.jpg\",\"Foto Ijazah.jpg\"]', '<p>fix semua sudah</p><ol><li>sudah</li><li>sudah</li><li>sudah</li><li>sudah</li></ol>', 'menunggu', NULL, '2024-04-22 20:03:03', '2024-04-22 20:03:03'),
(3, '9b8e4986-8356-46cb-84c6-8d82ad71fcdf', 1, '[\"lucu.JPG\",\"awokwkwk.JPG\",\"bg coding.png\",\"tebu.jpg\"]', '<p>sudah pak laptopnya seperti <strong>BARU</strong></p>', 'menunggu', NULL, '2024-04-22 20:04:10', '2024-04-22 20:04:10'),
(4, '9b8e4aec-999f-4097-a80c-98437b4e3737', 4, '[\"adi messi 2.jpg\",\"adi messi.jpg\",\"netflix.JPG\"]', '<p>sudah <strong>Semua </strong>yaa pak</p>', 'disetujui', 'Pak Firman', '2024-04-24 08:30:48', '2024-04-24 08:44:55'),
(5, '9b8e4986-8356-46cb-84c6-8d82ad71fcdf', 1, '[\"IMG_20220102_074336.jpg\",\"IMG_20220102_074402.jpg\",\"IMG_9514_Original.jpg\",\"home.png\"]', '<p>sudah <strong>bersih </strong><i>seperti baru yaaa <strong>PAK</strong></i></p>', 'menunggu', NULL, '2024-04-24 08:31:41', '2024-04-24 08:31:41'),
(6, '03666439-f15f-4280-814e-6c84e9fd2634', 4, '[\"Screenshot_20210601_003622.jpg\",\"Screenshot_20210601_003451.jpg\",\"Screenshot_20210601_003445.jpg\",\"Screenshot_20210601_003426.jpg\",\"Screenshot_20210601_003226.jpg\"]', '<p>saya sihotang <strong>sudah </strong><i><strong>semua </strong></i><strong>PAKK</strong></p>', 'disetujui', 'Pak Firman', '2024-04-24 08:57:25', '2024-04-24 08:57:48');
